{"type":"FeatureCollection","features":[{"type":"Feature","properties":{"code":"11","name":"서울특별시","short":"서울","name_en":"Seoul","cx":126.941,"cy":37.568},"geometry":{"type":"MultiPolygon","coordinates":[[[[126.903,37.4341],[126.8727,37.4824],[126.8768,37.4886],[126.8676,37.4948],[126.8465,37.4816],[126.845,37.4736],[126.8147,37.4748],[126.8233,37.4879],[126.813,37.4964],[126.827,37.5085],[126.8282,37.529],[126.8221,37.5407],[126.8072,37.5437],[126.7944,37.5358],[126.7906,37.5439],[126.7645,37.5554],[126.7778,37.5599],[126.7824,37.5736],[126.8007,37.5878],[126.7971,37.5977],[126.8026,37.605],[126.8536,37.5718],[126.8763,37.5782],[126.8853,37.5939],[126.8876,37.5887],[126.8996,37.5898],[126.9003,37.6112],[126.9123,37.6443],[126.9048,37.6491],[126.9241,37.6461],[126.9475,37.6592],[126.9571,37.6528],[126.9633,37.6332],[126.9584,37.6295],[126.9842,37.6363],[126.9797,37.656],[126.994,37.6668],[126.9922,37.6796],[127.0087,37.6844],[127.0154,37.7015],[127.0277,37.7009],[127.0324,37.6918],[127.0486,37.6941],[127.0518,37.6858],[127.0634,37.6949],[127.0811,37.6961],[127.096,37.6891],[127.0927,37.6486],[127.1113,37.6424],[127.1122,37.6326],[127.1041,37.6217],[127.1162,37.6189],[127.1181,37.6055],[127.1167,37.594],[127.1011,37.5761],[127.1018,37.5596],[127.1152,37.5568],[127.1772,37.5812],[127.1835,37.5452],[127.1632,37.545],[127.14,37.5086],[127.1612,37.5004],[127.1574,37.4891],[127.1169,37.4586],[127.1043,37.4622],[127.0879,37.4449],[127.0722,37.4422],[127.0657,37.4292],[127.0474,37.4307],[127.0356,37.439],[127.0319,37.4655],[127.0151,37.4548],[127.0037,37.4677],[126.997,37.4672],[126.9968,37.4619],[126.9746,37.4544],[126.963,37.4403],[126.9402,37.4357],[126.9283,37.4495],[126.903,37.4341]],[[126.9829,37.4967],[126.983,37.497],[126.9829,37.497],[126.9829,37.4967]],[[126.831,37.5078],[126.8306,37.5082],[126.8274,37.5086],[126.831,37.5078]],[[126.8316,37.5051],[126.8321,37.5046],[126.834,37.5034],[126.8353,37.5028],[126.8364,37.503],[126.8444,37.5065],[126.8453,37.5078],[126.8316,37.5051]],[[126.8529,37.5106],[126.8473,37.5095],[126.847,37.5094],[126.8463,37.509],[126.8453,37.508],[126.8529,37.5106]],[[126.8539,37.5102],[126.8582,37.5098],[126.8583,37.5099],[126.8529,37.5106],[126.8539,37.5102]],[[126.8603,37.5066],[126.8629,37.5066],[126.8583,37.5099],[126.8603,37.5066]],[[126.8627,37.5061],[126.8628,37.5059],[126.8628,37.5058],[126.8631,37.5054],[126.8632,37.5054],[126.8632,37.5053],[126.8633,37.5052],[126.8633,37.5051],[126.8634,37.5051],[126.8635,37.5051],[126.8646,37.5049],[126.869,37.5049],[126.8692,37.5049],[126.8706,37.5058],[126.8627,37.5061]],[[126.8719,37.5041],[126.8736,37.5036],[126.8706,37.5058],[126.8719,37.5041]],[[126.8753,37.5122],[126.8754,37.5122],[126.8756,37.5122],[126.8757,37.5122],[126.8758,37.5122],[126.8761,37.5124],[126.8777,37.5137],[126.8752,37.5124],[126.8753,37.5122]],[[126.8863,37.5298],[126.881,37.5277],[126.8787,37.5253],[126.8863,37.5298]],[[126.8897,37.5304],[126.8881,37.5304],[126.8879,37.5304],[126.8877,37.5304],[126.8872,37.5302],[126.8897,37.5304]],[[126.9054,37.4801],[126.9052,37.4801],[126.9038,37.4799],[126.9009,37.4793],[126.9054,37.4801]],[[126.9074,37.4803],[126.9098,37.4808],[126.9054,37.4801],[126.9074,37.4803]],[[126.9096,37.4781],[126.9105,37.4784],[126.9118,37.4778],[126.9087,37.4794],[126.9096,37.4781]],[[126.9136,37.4655],[126.9137,37.4655],[126.9082,37.4727],[126.9136,37.4655]],[[126.9144,37.4614],[126.9144,37.4616],[126.9138,37.4625],[126.9133,37.4631],[126.9144,37.4614]],[[126.9231,37.4545],[126.9233,37.4542],[126.9222,37.4566],[126.914,37.4579],[126.9231,37.4545]],[[126.9248,37.4528],[126.9284,37.451],[126.9233,37.4542],[126.9248,37.4528]],[[126.9243,37.5099],[126.9209,37.5014],[126.92,37.498],[126.9243,37.5099]],[[126.9268,37.5128],[126.927,37.5132],[126.927,37.5135],[126.9243,37.5099],[126.9268,37.5128]],[[126.8637,37.5409],[126.8635,37.5417],[126.8621,37.5443],[126.8637,37.5409]],[[126.9283,37.5633],[126.9282,37.5629],[126.9283,37.563],[126.9283,37.5633]],[[126.9198,37.5833],[126.9199,37.5832],[126.9215,37.5835],[126.9198,37.5833]],[[126.9277,37.5889],[126.9277,37.5904],[126.9276,37.5894],[126.9277,37.5889]],[[126.9539,37.6048],[126.9537,37.605],[126.9536,37.6046],[126.9539,37.6048]]]]}},{"type":"Feature","properties":{"code":"21","name":"부산광역시","short":"부산","name_en":"Busan","cx":129.054,"cy":35.211},"geometry":{"type":"MultiPolygon","coordinates":[[[[128.8512,35.042],[128.8344,35.012],[128.841,35.0069],[128.8399,34.9975],[128.8279,34.9886],[128.8302,34.9946],[128.8218,34.9946],[128.8182,35.0043],[128.8272,35.0136],[128.8062,35.0212],[128.8154,35.0265],[128.8075,35.0317],[128.8124,35.0397],[128.7975,35.0493],[128.8033,35.0554],[128.791,35.0534],[128.7909,35.0616],[128.8324,35.0713],[128.8324,35.0776],[128.8115,35.0776],[128.8115,35.083],[128.8287,35.09],[128.8352,35.0864],[128.8327,35.0578],[128.8384,35.0537],[128.846,35.058],[128.8512,35.042]]],[[[128.9456,35.0619],[128.9502,35.0545],[128.9423,35.0567],[128.9378,35.0543],[128.9537,35.0532],[128.9564,35.0469],[128.9305,35.0491],[128.9242,35.0548],[128.9361,35.0505],[128.9302,35.0583],[128.9444,35.0746],[128.9542,35.0561],[128.9456,35.0619]]],[[[128.9527,35.072],[128.9569,35.0728],[128.9503,35.0821],[128.956,35.1064],[128.9488,35.1071],[128.9431,35.0864],[128.9321,35.0738],[128.9286,35.0787],[128.9391,35.1087],[128.9331,35.1103],[128.9302,35.0927],[128.9132,35.0876],[128.9112,35.0789],[128.8952,35.0789],[128.9056,35.1181],[128.8976,35.1203],[128.8842,35.0793],[128.8692,35.0814],[128.8724,35.0829],[128.8708,35.0887],[128.8682,35.0832],[128.8389,35.0821],[128.8352,35.0884],[128.8207,35.097],[128.8417,35.106],[128.8378,35.124],[128.8021,35.1419],[128.7945,35.1585],[128.8275,35.1556],[128.8674,35.1677],[128.8721,35.1626],[128.8652,35.1582],[128.8763,35.1517],[128.8744,35.1586],[128.8814,35.1613],[128.8724,35.1723],[128.8811,35.1718],[128.8817,35.1822],[128.8704,35.2016],[128.879,35.21],[128.9084,35.2168],[128.905,35.2201],[128.9093,35.2229],[128.9201,35.2164],[128.944,35.2283],[128.9897,35.2317],[128.9988,35.2381],[129.0135,35.2738],[129.0475,35.2742],[129.0584,35.2948],[129.0743,35.2908],[129.0884,35.3026],[129.1086,35.3046],[129.1346,35.3515],[129.1182,35.369],[129.1501,35.3639],[129.1761,35.3514],[129.1988,35.3665],[129.1936,35.3821],[129.1994,35.389],[129.2185,35.379],[129.2655,35.3871],[129.2822,35.3653],[129.2849,35.3507],[129.2797,35.3414],[129.2999,35.336],[129.3048,35.3299],[129.3057,35.3246],[129.3042,35.3301],[129.3019,35.3202],[129.2915,35.3181],[129.2807,35.3265],[129.262,35.3154],[129.2556,35.2748],[129.234,35.2622],[129.239,35.2574],[129.2521,35.2602],[129.2534,35.2465],[129.2445,35.2443],[129.2499,35.2408],[129.2431,35.2382],[129.2393,35.2212],[129.2273,35.2243],[129.222,35.2126],[129.2302,35.1982],[129.2241,35.1858],[129.2009,35.1794],[129.1944,35.1602],[129.1817,35.1548],[129.1642,35.159],[129.15,35.1514],[129.1533,35.158],[129.1463,35.1534],[129.1339,35.1624],[129.1346,35.1548],[129.1185,35.1526],[129.1178,35.1404],[129.1089,35.1328],[129.1178,35.1321],[129.1169,35.13],[129.1133,35.1262],[129.1128,35.125],[129.1224,35.1321],[129.128,35.1108],[129.124,35.0993],[129.1105,35.1011],[129.1145,35.0979],[129.1095,35.0915],[129.1106,35.1007],[129.1051,35.0919],[129.0996,35.0912],[129.0952,35.0939],[129.093,35.1093],[129.0904,35.1036],[129.075,35.1036],[129.0655,35.1091],[129.0738,35.1168],[129.0655,35.129],[129.0561,35.118],[129.0527,35.1257],[129.0487,35.1207],[129.0553,35.116],[129.0473,35.1166],[129.0508,35.1125],[129.0452,35.105],[129.0403,35.107],[129.0436,35.1034],[129.0382,35.1044],[129.0379,35.0971],[129.0252,35.0935],[129.0246,35.0763],[129.0169,35.0743],[129.0223,35.0619],[129.0152,35.0529],[129.0106,35.0517],[129.0025,35.0862],[129.0012,35.0798],[128.9926,35.0801],[129.0014,35.0484],[129.007,35.0489],[128.9925,35.0452],[128.9884,35.058],[128.9728,35.0569],[128.9828,35.0514],[128.9697,35.0474],[128.978,35.0402],[128.9656,35.0324],[128.9676,35.0438],[128.9577,35.0526],[128.9527,35.072]],[[128.9922,35.2056],[128.9902,35.2036],[128.9912,35.2044],[128.9922,35.2056]],[[129.0061,35.1095],[129.0073,35.1084],[129.0062,35.1095],[129.0061,35.1095]],[[129.0083,35.1074],[129.0104,35.1055],[129.0105,35.1057],[129.0083,35.1074]],[[128.9594,35.1177],[128.9637,35.1219],[128.9606,35.1201],[128.9594,35.1177]],[[128.987,35.1242],[128.9822,35.1203],[128.9816,35.1197],[128.9803,35.1173],[128.987,35.1242]],[[128.9899,35.1246],[128.9895,35.1246],[128.9886,35.1245],[128.9948,35.1239],[128.9899,35.1246]],[[128.9685,35.1893],[128.9728,35.1916],[128.9703,35.1905],[128.9685,35.1893]],[[129.1022,35.0943],[129.0988,35.0954],[129.0997,35.0914],[129.1022,35.0943]]],[[[129.0793,35.082],[129.0832,35.0858],[129.0793,35.0815],[129.0834,35.0752],[129.096,35.0804],[129.08,35.0714],[129.0956,35.06],[129.0909,35.0507],[129.0648,35.0616],[129.065,35.0684],[129.04,35.0805],[129.0311,35.0928],[129.0624,35.104],[129.0614,35.0979],[129.0793,35.082]]]]}},{"type":"Feature","properties":{"code":"22","name":"대구광역시","short":"대구","name_en":"Daegu","cx":128.597,"cy":35.812},"geometry":{"type":"MultiPolygon","coordinates":[[[[128.6955,35.7557],[128.692,35.7333],[128.6832,35.7215],[128.6635,35.7205],[128.624,35.7023],[128.6139,35.7098],[128.6124,35.7385],[128.5896,35.7315],[128.5824,35.7383],[128.5648,35.7368],[128.5279,35.7127],[128.5339,35.7033],[128.5318,35.6833],[128.5076,35.6729],[128.5107,35.6457],[128.5062,35.6396],[128.4827,35.635],[128.4785,35.6405],[128.4465,35.6384],[128.4322,35.624],[128.4229,35.6252],[128.413,35.6166],[128.3824,35.6065],[128.3712,35.6096],[128.3884,35.6179],[128.4015,35.639],[128.3979,35.6488],[128.3582,35.6808],[128.3518,35.704],[128.3589,35.7087],[128.4122,35.6958],[128.4321,35.7049],[128.4318,35.7256],[128.3912,35.7484],[128.3835,35.7601],[128.4208,35.8094],[128.4704,35.8059],[128.4827,35.8155],[128.4811,35.8301],[128.4689,35.8396],[128.4447,35.8479],[128.3835,35.8528],[128.399,35.8999],[128.4071,35.9007],[128.4249,35.928],[128.4503,35.935],[128.4542,35.9431],[128.4743,35.9365],[128.4678,35.9002],[128.4753,35.8945],[128.4906,35.8976],[128.5004,35.8865],[128.5077,35.907],[128.5295,35.9236],[128.5344,35.9353],[128.5288,35.9804],[128.5435,35.9748],[128.5533,35.9608],[128.5571,35.9722],[128.6029,35.9859],[128.6187,36.0064],[128.6956,36.0162],[128.7227,36.0061],[128.7342,35.9946],[128.731,35.9854],[128.7462,35.9729],[128.738,35.9559],[128.7441,35.944],[128.7367,35.9296],[128.7598,35.9068],[128.7598,35.8661],[128.7386,35.8513],[128.7219,35.8569],[128.7251,35.8362],[128.7086,35.8266],[128.7175,35.8068],[128.6998,35.795],[128.6927,35.7966],[128.6814,35.785],[128.6955,35.7557]],[[128.6531,35.7995],[128.6518,35.8011],[128.6519,35.8006],[128.6531,35.7995]],[[128.5634,35.8242],[128.5618,35.8265],[128.5623,35.8255],[128.5634,35.8242]],[[128.5248,35.8864],[128.5251,35.8866],[128.5258,35.8871],[128.5264,35.8883],[128.5168,35.884],[128.5248,35.8864]]]]}},{"type":"Feature","properties":{"code":"23","name":"인천광역시","short":"인천","name_en":"Incheon","cx":126.698,"cy":37.489},"geometry":{"type":"MultiPolygon","coordinates":[[[[125.9945,37.0371],[125.9932,37.0275],[125.9961,37.027],[125.9993,37.0286],[126.0025,37.0294],[126.0041,37.0293],[126.0004,37.0246],[126.0213,37.0304],[125.9953,37.0176],[125.9787,37.0338],[125.9808,37.0403],[125.9945,37.0371]]],[[[125.9671,37.0843],[125.9523,37.0861],[125.9523,37.0677],[125.9462,37.0689],[125.947,37.0774],[125.9411,37.0811],[125.949,37.0929],[125.9671,37.0843]]],[[[125.9973,37.1979],[125.9844,37.1917],[125.9843,37.1814],[125.9786,37.1867],[125.9598,37.183],[125.9729,37.1888],[125.9716,37.1951],[125.9856,37.1944],[125.9847,37.2039],[125.9973,37.1979]]],[[[125.7165,37.6744],[125.7068,37.6633],[125.6928,37.652],[125.6842,37.6528],[125.6857,37.6665],[125.6781,37.6793],[125.7125,37.6798],[125.7165,37.6744]]],[[[124.7653,37.7665],[124.7519,37.7709],[124.7274,37.761],[124.742,37.7729],[124.7407,37.7782],[124.7706,37.7788],[124.7653,37.7665]]],[[[124.7114,37.8091],[124.6905,37.8082],[124.6852,37.7995],[124.6795,37.8022],[124.6839,37.8139],[124.6625,37.8217],[124.6765,37.8198],[124.6878,37.8364],[124.7036,37.8434],[124.7034,37.8497],[124.7278,37.8406],[124.7143,37.8323],[124.7147,37.8255],[124.72,37.8201],[124.7114,37.8091]]],[[[124.7298,37.9781],[124.7328,37.9657],[124.7463,37.9591],[124.733,37.9623],[124.7301,37.9573],[124.7382,37.9537],[124.7239,37.954],[124.7079,37.9446],[124.7,37.9199],[124.6913,37.9166],[124.6801,37.923],[124.6394,37.9239],[124.6258,37.9544],[124.6117,37.9614],[124.6097,37.97],[124.6168,37.9795],[124.6406,37.9687],[124.6709,37.981],[124.7048,37.9837],[124.7298,37.9781]]],[[[126.0731,37.0833],[126.0626,37.0883],[126.0666,37.0966],[126.0603,37.0955],[126.0673,37.1072],[126.0856,37.1072],[126.0903,37.0997],[126.0731,37.0833]]],[[[126.2709,37.1757],[126.281,37.1578],[126.2436,37.174],[126.2584,37.1806],[126.2709,37.1757]]],[[[126.1148,37.1804],[126.1082,37.1765],[126.1129,37.1701],[126.1084,37.1658],[126.0933,37.1676],[126.0849,37.1764],[126.0952,37.1884],[126.1148,37.1804]]],[[[126.1819,37.2084],[126.1945,37.2086],[126.1836,37.1953],[126.1779,37.2107],[126.1615,37.2122],[126.1615,37.2219],[126.1703,37.2292],[126.1819,37.2084]]],[[[126.1119,37.2578],[126.1184,37.2581],[126.1177,37.2479],[126.128,37.252],[126.1408,37.2375],[126.1503,37.2392],[126.1657,37.2307],[126.1436,37.2225],[126.1475,37.2138],[126.1173,37.2092],[126.1103,37.2133],[126.1161,37.2161],[126.1113,37.2236],[126.1012,37.2222],[126.1025,37.2299],[126.0847,37.2219],[126.0919,37.2315],[126.09,37.2478],[126.1026,37.2657],[126.1002,37.2721],[126.1084,37.2724],[126.1119,37.2578]]],[[[126.2569,37.651],[126.2509,37.6378],[126.2529,37.6325],[126.2603,37.6294],[126.2622,37.6251],[126.2344,37.6391],[126.2228,37.6537],[126.2569,37.651]]],[[[126.2099,37.6667],[126.2051,37.657],[126.1906,37.6574],[126.1851,37.6676],[126.1678,37.6669],[126.155,37.6768],[126.1747,37.6768],[126.1959,37.6883],[126.2099,37.6667]]],[[[126.2323,37.716],[126.2183,37.721],[126.2323,37.7333],[126.2381,37.7218],[126.2492,37.7184],[126.2323,37.716]]],[[[126.2947,37.8018],[126.3243,37.8082],[126.3334,37.7969],[126.3313,37.7897],[126.315,37.7737],[126.2908,37.7629],[126.2787,37.7689],[126.2483,37.7656],[126.2328,37.7511],[126.205,37.7685],[126.2222,37.7869],[126.2232,37.805],[126.2383,37.8163],[126.2645,37.8178],[126.2947,37.8018]]],[[[126.3117,37.1719],[126.3231,37.1605],[126.3103,37.1587],[126.2906,37.171],[126.3117,37.1719]]],[[[126.3317,37.2551],[126.3354,37.2631],[126.3489,37.2596],[126.3418,37.2501],[126.3184,37.2445],[126.2796,37.2617],[126.287,37.2723],[126.3317,37.2551]]],[[[126.4417,37.382],[126.4347,37.3817],[126.4405,37.3783],[126.4338,37.3688],[126.4163,37.3648],[126.4068,37.3727],[126.4082,37.3869],[126.3958,37.3926],[126.4077,37.4124],[126.4417,37.382]]],[[[126.4418,37.5446],[126.4344,37.5426],[126.427,37.5223],[126.4159,37.5229],[126.4238,37.5462],[126.4321,37.5448],[126.4418,37.5446]]],[[[126.3375,37.5508],[126.3532,37.5352],[126.3835,37.5393],[126.3843,37.5307],[126.3415,37.5257],[126.3363,37.5305],[126.3267,37.5219],[126.3287,37.5421],[126.308,37.5601],[126.3375,37.5508]]],[[[126.3202,37.7117],[126.3429,37.6975],[126.3663,37.6946],[126.379,37.6823],[126.3732,37.6658],[126.341,37.6441],[126.3257,37.6566],[126.3287,37.6702],[126.3188,37.6819],[126.2694,37.7107],[126.2876,37.714],[126.2925,37.7447],[126.3238,37.7517],[126.3297,37.7468],[126.3211,37.737],[126.3202,37.7117]]],[[[126.525,37.2464],[126.5115,37.2535],[126.5234,37.2614],[126.5386,37.2337],[126.5253,37.2377],[126.525,37.2464]]],[[[126.4825,37.2418],[126.4709,37.2391],[126.4588,37.224],[126.4528,37.231],[126.4354,37.2309],[126.4285,37.2627],[126.4361,37.2657],[126.434,37.2743],[126.4486,37.2722],[126.4545,37.2832],[126.4703,37.2882],[126.4751,37.2826],[126.4878,37.2832],[126.4976,37.277],[126.4943,37.2703],[126.5018,37.2581],[126.4966,37.2537],[126.4855,37.2592],[126.4867,37.2543],[126.4755,37.2524],[126.4825,37.2418]]],[[[126.6328,37.4269],[126.6368,37.419],[126.6346,37.4305],[126.6102,37.4301],[126.6142,37.4374],[126.6078,37.4411],[126.6187,37.4447],[126.6106,37.448],[126.6138,37.4531],[126.6011,37.4383],[126.5943,37.4383],[126.5934,37.4549],[126.6032,37.4567],[126.595,37.4569],[126.5947,37.4571],[126.6004,37.4655],[126.6033,37.4601],[126.6242,37.4577],[126.6203,37.4625],[126.6267,37.4617],[126.6142,37.4666],[126.625,37.4666],[126.6124,37.4772],[126.6037,37.4656],[126.5958,37.4731],[126.6063,37.4863],[126.6098,37.4829],[126.6051,37.4801],[126.6197,37.4859],[126.6099,37.4874],[126.6252,37.4924],[126.6377,37.4823],[126.6275,37.4934],[126.6363,37.4959],[126.6401,37.4956],[126.6407,37.4957],[126.6395,37.5042],[126.6046,37.4959],[126.5965,37.5486],[126.607,37.5545],[126.5886,37.564],[126.5748,37.5883],[126.6144,37.6063],[126.6257,37.6026],[126.6372,37.6267],[126.6471,37.6275],[126.654,37.6382],[126.6945,37.6203],[126.7054,37.6121],[126.7047,37.6025],[126.7141,37.6039],[126.7255,37.5919],[126.7443,37.5925],[126.7522,37.5797],[126.7677,37.5882],[126.7937,37.5816],[126.7759,37.5652],[126.7778,37.5599],[126.7645,37.5554],[126.7603,37.5241],[126.7601,37.518],[126.7416,37.5088],[126.7424,37.4869],[126.7678,37.4717],[126.7782,37.4718],[126.78,37.4534],[126.7707,37.4485],[126.7692,37.4275],[126.7533,37.4227],[126.7516,37.4109],[126.7264,37.3864],[126.7171,37.3811],[126.6852,37.3867],[126.6956,37.3832],[126.6646,37.35],[126.6549,37.3474],[126.642,37.3471],[126.6541,37.3436],[126.6228,37.3418],[126.6134,37.3474],[126.6103,37.3374],[126.6057,37.3373],[126.6093,37.3435],[126.595,37.3433],[126.594,37.3373],[126.5806,37.3373],[126.5963,37.3472],[126.583,37.3472],[126.5829,37.3548],[126.639,37.355],[126.6219,37.3546],[126.6209,37.3477],[126.6414,37.3477],[126.6515,37.3529],[126.6427,37.355],[126.6544,37.3559],[126.6099,37.3871],[126.6097,37.4162],[126.5982,37.4161],[126.6049,37.4253],[126.6328,37.4269]],[[126.6557,37.3478],[126.6628,37.3509],[126.6548,37.3558],[126.6536,37.3518],[126.6456,37.348],[126.6557,37.3478]],[[126.6744,37.4756],[126.6643,37.4831],[126.6611,37.4849],[126.6557,37.4877],[126.6509,37.4903],[126.6744,37.4756]],[[126.6858,37.4716],[126.6834,37.4734],[126.6832,37.4734],[126.6812,37.4738],[126.6809,37.4737],[126.6858,37.4716]],[[126.6995,37.485],[126.6952,37.4851],[126.6901,37.4832],[126.6995,37.485]],[[126.6899,37.4998],[126.6891,37.4992],[126.6889,37.4986],[126.6912,37.5006],[126.6899,37.4998]],[[126.6892,37.5236],[126.6873,37.5225],[126.687,37.5223],[126.6862,37.5217],[126.6838,37.5179],[126.6833,37.517],[126.6892,37.5236]]],[[[126.5925,37.4581],[126.5909,37.462],[126.5947,37.4571],[126.5925,37.4581]]],[[[126.4098,37.4379],[126.4,37.4338],[126.404,37.4396],[126.3951,37.4461],[126.3808,37.435],[126.3766,37.4416],[126.364,37.4422],[126.3716,37.4473],[126.356,37.4695],[126.3743,37.4723],[126.4183,37.497],[126.4738,37.4991],[126.4937,37.5075],[126.5014,37.5345],[126.5639,37.5148],[126.577,37.5036],[126.5824,37.4892],[126.5659,37.48],[126.5063,37.4657],[126.4854,37.4445],[126.4429,37.421],[126.4198,37.4226],[126.4098,37.4379]]],[[[126.4668,37.5284],[126.4696,37.5119],[126.446,37.5199],[126.4292,37.5164],[126.4568,37.5445],[126.4725,37.5375],[126.4735,37.5288],[126.4668,37.5284]]],[[[126.5753,37.5295],[126.5823,37.5235],[126.5753,37.5277],[126.5753,37.5212],[126.5581,37.5211],[126.5516,37.5283],[126.5438,37.5227],[126.5667,37.5406],[126.5764,37.5436],[126.5753,37.5295]]],[[[126.4592,37.8063],[126.5059,37.7833],[126.5116,37.7623],[126.5264,37.7476],[126.5125,37.717],[126.5254,37.7019],[126.5169,37.6747],[126.5322,37.6651],[126.5229,37.6563],[126.5269,37.6474],[126.5221,37.6462],[126.5353,37.6222],[126.5401,37.6245],[126.544,37.6184],[126.5203,37.6107],[126.5151,37.5969],[126.5238,37.5979],[126.518,37.5921],[126.5262,37.5866],[126.5173,37.58],[126.5032,37.5904],[126.5135,37.5935],[126.5129,37.5994],[126.5041,37.5963],[126.4796,37.6053],[126.4618,37.5893],[126.405,37.5939],[126.3701,37.6135],[126.3775,37.6193],[126.3742,37.6308],[126.3657,37.6351],[126.3977,37.6401],[126.411,37.6521],[126.4036,37.6758],[126.3881,37.69],[126.3913,37.6956],[126.3592,37.7036],[126.3514,37.7155],[126.3519,37.7401],[126.357,37.7411],[126.3496,37.7901],[126.387,37.8071],[126.3925,37.8232],[126.4139,37.8219],[126.4267,37.8316],[126.4592,37.8063]]]]}},{"type":"Feature","properties":{"code":"24","name":"광주광역시","short":"광주","name_en":"Gwangju","cx":126.832,"cy":35.158},"geometry":{"type":"MultiPolygon","coordinates":[[[[126.9864,35.1059],[126.989,35.095],[126.9628,35.0872],[126.9519,35.0732],[126.9323,35.0744],[126.9186,35.0916],[126.892,35.078],[126.8556,35.0784],[126.8441,35.0654],[126.8223,35.0603],[126.8185,35.0527],[126.8049,35.0516],[126.7949,35.0611],[126.7744,35.0527],[126.7651,35.0644],[126.7558,35.0591],[126.7541,35.0669],[126.7713,35.0702],[126.7619,35.091],[126.7327,35.1129],[126.7293,35.1075],[126.7054,35.113],[126.6675,35.1051],[126.6691,35.1113],[126.6517,35.1205],[126.6533,35.144],[126.645,35.1466],[126.6535,35.1528],[126.6542,35.1646],[126.6721,35.1723],[126.6532,35.1925],[126.6771,35.191],[126.6871,35.2152],[126.7026,35.2076],[126.7177,35.2124],[126.7372,35.2529],[126.7603,35.2587],[126.7638,35.254],[126.7553,35.2344],[126.8054,35.2183],[126.8239,35.2258],[126.8251,35.2318],[126.835,35.2288],[126.8632,35.2455],[126.8796,35.2515],[126.8895,35.2467],[126.9041,35.2578],[126.9146,35.2582],[126.9294,35.2524],[126.9326,35.2416],[126.9488,35.2292],[126.9503,35.2164],[126.9661,35.202],[126.9586,35.1931],[126.9681,35.1811],[127.0,35.1888],[127.0214,35.173],[127.0209,35.1673],[127.01,35.1637],[127.0118,35.1278],[126.9864,35.1059]]]]}},{"type":"Feature","properties":{"code":"25","name":"대전광역시","short":"대전","name_en":"Daejeon","cx":127.39,"cy":36.343},"geometry":{"type":"MultiPolygon","coordinates":[[[[127.408,36.2129],[127.4106,36.2176],[127.3993,36.2325],[127.3873,36.2342],[127.3903,36.2623],[127.3725,36.2722],[127.3602,36.2622],[127.3642,36.2189],[127.3327,36.1835],[127.3336,36.2007],[127.323,36.2037],[127.3153,36.2213],[127.3036,36.2297],[127.3032,36.2226],[127.2973,36.2215],[127.2818,36.2358],[127.2794,36.2524],[127.2918,36.2647],[127.2588,36.2761],[127.2467,36.291],[127.2598,36.2957],[127.2598,36.3272],[127.2681,36.3314],[127.2686,36.341],[127.2791,36.3448],[127.2706,36.3609],[127.281,36.3749],[127.2821,36.4146],[127.2964,36.4232],[127.3164,36.4205],[127.3405,36.4305],[127.3449,36.4444],[127.3586,36.4559],[127.3565,36.4633],[127.364,36.4748],[127.3602,36.4885],[127.3839,36.5002],[127.403,36.4855],[127.4021,36.456],[127.4359,36.4564],[127.4513,36.4493],[127.4626,36.4561],[127.4703,36.4737],[127.484,36.4766],[127.4783,36.4573],[127.5045,36.4519],[127.4897,36.4341],[127.5016,36.4087],[127.5105,36.4096],[127.5145,36.4225],[127.5243,36.4234],[127.5423,36.4193],[127.5456,36.4088],[127.5597,36.3982],[127.5392,36.3979],[127.5249,36.3875],[127.5224,36.3543],[127.5006,36.3393],[127.503,36.3256],[127.4946,36.312],[127.499,36.3057],[127.4912,36.297],[127.4988,36.2828],[127.486,36.2612],[127.4932,36.2411],[127.49,36.2335],[127.4679,36.223],[127.4696,36.2152],[127.4437,36.1948],[127.408,36.2129]]]]}},{"type":"Feature","properties":{"code":"26","name":"울산광역시","short":"울산","name_en":"Ulsan","cx":129.214,"cy":35.526},"geometry":{"type":"MultiPolygon","coordinates":[[[[129.3724,35.5236],[129.375,35.5176],[129.3858,35.5164],[129.3874,35.5019],[129.3632,35.5042],[129.3676,35.4979],[129.3793,35.4999],[129.3909,35.486],[129.3911,35.4783],[129.3889,35.4875],[129.3744,35.4699],[129.3748,35.4624],[129.363,35.4604],[129.3687,35.4542],[129.3545,35.4592],[129.3505,35.4683],[129.3377,35.4821],[129.3312,35.4856],[129.3474,35.4643],[129.3499,35.4482],[129.3598,35.4479],[129.3552,35.4383],[129.3737,35.4471],[129.3665,35.437],[129.3736,35.4312],[129.3528,35.427],[129.3642,35.4248],[129.3639,35.4152],[129.3563,35.4133],[129.3626,35.4065],[129.354,35.4025],[129.3555,35.3939],[129.3466,35.3899],[129.3446,35.3781],[129.3617,35.3588],[129.3451,35.3518],[129.3353,35.356],[129.3323,35.3479],[129.3222,35.3462],[129.3204,35.3385],[129.3164,35.3388],[129.3129,35.3306],[129.3072,35.3281],[129.2797,35.3414],[129.2849,35.3507],[129.2822,35.3653],[129.2655,35.3871],[129.2185,35.379],[129.2012,35.3878],[129.2191,35.4077],[129.2002,35.4241],[129.197,35.4389],[129.1656,35.4321],[129.1218,35.4634],[129.1083,35.4811],[129.1053,35.4965],[129.0526,35.5145],[129.0558,35.5323],[129.013,35.5231],[129.0076,35.5291],[128.9954,35.5278],[128.9983,35.5417],[128.9893,35.5516],[128.9809,35.5464],[128.9712,35.5603],[128.9941,35.567],[129.0192,35.5843],[129.023,35.6134],[129.0027,35.6203],[129.0207,35.635],[129.037,35.6325],[129.0469,35.6505],[129.0809,35.6433],[129.0679,35.6588],[129.0672,35.6713],[129.0805,35.6959],[129.1368,35.7129],[129.142,35.7243],[129.1711,35.7146],[129.1813,35.7238],[129.1981,35.7145],[129.2089,35.7211],[129.234,35.7039],[129.2569,35.7007],[129.2626,35.6911],[129.2555,35.6605],[129.2964,35.6435],[129.3045,35.6572],[129.3278,35.6588],[129.3341,35.6698],[129.3536,35.6794],[129.3641,35.6789],[129.3727,35.6692],[129.3999,35.6676],[129.4498,35.6511],[129.4416,35.6447],[129.4411,35.6319],[129.4543,35.6164],[129.4501,35.6148],[129.4628,35.6069],[129.4647,35.5864],[129.4527,35.5784],[129.4586,35.5578],[129.4535,35.5281],[129.4387,35.5286],[129.4392,35.5198],[129.4499,35.5248],[129.4477,35.509],[129.4328,35.511],[129.432,35.5054],[129.4436,35.5026],[129.4335,35.5001],[129.4321,35.4934],[129.4416,35.4958],[129.4446,35.4915],[129.4313,35.4782],[129.4252,35.485],[129.4062,35.472],[129.4084,35.4933],[129.3958,35.5012],[129.3964,35.5134],[129.3766,35.538],[129.3724,35.5236]]]]}},{"type":"Feature","properties":{"code":"29","name":"세종특별자치시","short":"세종","name_en":"Sejong","cx":127.267,"cy":36.573},"geometry":{"type":"MultiPolygon","coordinates":[[[[127.2031,36.7261],[127.248,36.6951],[127.2735,36.6953],[127.3041,36.685],[127.3051,36.6676],[127.2887,36.6589],[127.2828,36.6423],[127.2757,36.6398],[127.2794,36.6335],[127.2922,36.6356],[127.2918,36.6256],[127.3066,36.6009],[127.2996,36.5863],[127.3214,36.5838],[127.3381,36.5623],[127.3775,36.5678],[127.3725,36.5597],[127.3839,36.5415],[127.405,36.5373],[127.4086,36.5237],[127.3976,36.5206],[127.409,36.5097],[127.4106,36.4963],[127.3961,36.4917],[127.3839,36.5002],[127.3602,36.4885],[127.364,36.4748],[127.3565,36.4633],[127.3586,36.4559],[127.3291,36.4233],[127.3035,36.4247],[127.2768,36.4139],[127.2628,36.4167],[127.2508,36.4068],[127.2423,36.4186],[127.2269,36.4212],[127.2177,36.4337],[127.1989,36.4399],[127.1984,36.4522],[127.2047,36.4593],[127.192,36.4747],[127.1947,36.4896],[127.1771,36.4926],[127.1732,36.4974],[127.1776,36.5024],[127.17,36.509],[127.1823,36.5214],[127.173,36.5335],[127.1742,36.5422],[127.1918,36.546],[127.1868,36.5529],[127.2078,36.578],[127.193,36.5808],[127.1914,36.5939],[127.1843,36.5912],[127.1559,36.606],[127.1501,36.619],[127.1605,36.6245],[127.1532,36.6452],[127.1606,36.6561],[127.1549,36.6643],[127.1641,36.6785],[127.1614,36.6902],[127.1571,36.6957],[127.1562,36.6908],[127.1417,36.69],[127.1361,36.705],[127.1277,36.7085],[127.1596,36.7328],[127.2031,36.7261]]]]}},{"type":"Feature","properties":{"code":"31","name":"경기도","short":"경기","name_en":"Gyeonggi","cx":127.455,"cy":37.588},"geometry":{"type":"MultiPolygon","coordinates":[[[[126.589,37.2902],[126.6098,37.2794],[126.5892,37.29],[126.5851,37.2852],[126.6243,37.264],[126.6368,37.2724],[126.643,37.269],[126.6393,37.2645],[126.6415,37.2626],[126.6396,37.2647],[126.6435,37.2677],[126.6427,37.2713],[126.6312,37.2809],[126.6427,37.2719],[126.644,37.2667],[126.637,37.2531],[126.6554,37.2155],[126.6465,37.1914],[126.6416,37.2044],[126.6468,37.211],[126.6408,37.2152],[126.6292,37.2183],[126.626,37.2024],[126.629,37.2185],[126.6221,37.2362],[126.6188,37.2295],[126.5884,37.2333],[126.6099,37.2206],[126.6152,37.2095],[126.6049,37.2123],[126.6039,37.2097],[126.5995,37.2015],[126.5954,37.1983],[126.6048,37.2124],[126.6013,37.2215],[126.5906,37.2135],[126.5867,37.2206],[126.576,37.2208],[126.5627,37.193],[126.5446,37.206],[126.544,37.215],[126.5571,37.2179],[126.5416,37.2246],[126.5444,37.2334],[126.5693,37.237],[126.561,37.2423],[126.5586,37.2668],[126.5328,37.2889],[126.5617,37.2773],[126.5772,37.2901],[126.5717,37.2978],[126.5779,37.2931],[126.6073,37.3132],[126.6904,37.3353],[126.6885,37.3488],[126.7032,37.3513],[126.7007,37.3548],[126.731,37.3866],[126.742,37.3826],[126.7339,37.3891],[126.7439,37.3984],[126.777,37.3919],[126.7799,37.3948],[126.7843,37.3916],[126.7916,37.3931],[126.7878,37.4078],[126.7845,37.3921],[126.7801,37.3952],[126.7665,37.395],[126.749,37.4036],[126.7554,37.4134],[126.7533,37.4227],[126.7707,37.4303],[126.7707,37.4485],[126.7804,37.455],[126.7782,37.4718],[126.7783,37.4718],[126.7843,37.4724],[126.7678,37.4717],[126.7424,37.4869],[126.7416,37.5088],[126.7601,37.518],[126.7662,37.5542],[126.7906,37.5439],[126.7944,37.5358],[126.8072,37.5437],[126.8221,37.5407],[126.8282,37.529],[126.827,37.5085],[126.813,37.4964],[126.8233,37.4879],[126.8147,37.4748],[126.8317,37.4777],[126.845,37.4736],[126.8466,37.4816],[126.8695,37.4943],[126.903,37.4341],[126.9284,37.4502],[126.9402,37.4357],[126.9629,37.4403],[126.9746,37.4544],[127.0037,37.4677],[127.0145,37.4549],[127.0346,37.4642],[127.0356,37.439],[127.0474,37.4307],[127.0657,37.4292],[127.0722,37.4422],[127.0879,37.4449],[127.1043,37.4622],[127.1169,37.4586],[127.1249,37.4696],[127.1328,37.4684],[127.1329,37.4746],[127.1435,37.4739],[127.1597,37.4934],[127.1589,37.5024],[127.14,37.5086],[127.1632,37.545],[127.1835,37.5452],[127.1772,37.5812],[127.1152,37.5568],[127.1019,37.5595],[127.1011,37.5761],[127.1167,37.594],[127.1173,37.6167],[127.1041,37.6217],[127.1122,37.6326],[127.1116,37.643],[127.0927,37.6486],[127.096,37.6891],[127.0852,37.6904],[127.0803,37.6995],[127.0802,37.6995],[127.0518,37.6858],[127.0486,37.6941],[127.0324,37.6918],[127.0277,37.7009],[127.0154,37.7015],[127.0087,37.6844],[126.9922,37.6796],[126.994,37.6668],[126.9797,37.656],[126.9859,37.6406],[126.9754,37.6317],[126.9584,37.6295],[126.9633,37.6332],[126.9571,37.6528],[126.9475,37.6592],[126.9241,37.6461],[126.9048,37.6491],[126.9123,37.6443],[126.9003,37.6112],[126.8996,37.5898],[126.8876,37.5887],[126.8853,37.5939],[126.8763,37.5782],[126.8536,37.5718],[126.8026,37.605],[126.7971,37.5977],[126.8009,37.5882],[126.7937,37.5816],[126.7677,37.5882],[126.7522,37.5797],[126.7443,37.5925],[126.7255,37.5919],[126.7141,37.6039],[126.7047,37.6025],[126.7054,37.6121],[126.6945,37.6203],[126.6574,37.638],[126.6471,37.6275],[126.6372,37.6267],[126.6257,37.6026],[126.6144,37.6063],[126.5916,37.593],[126.5918,37.5991],[126.578,37.605],[126.5726,37.5989],[126.5598,37.6011],[126.5473,37.6343],[126.5316,37.6545],[126.5442,37.6629],[126.5268,37.6743],[126.5335,37.694],[126.5216,37.7144],[126.531,37.7475],[126.5183,37.7628],[126.5245,37.7685],[126.517,37.771],[126.5228,37.7901],[126.5753,37.7627],[126.5938,37.7612],[126.6255,37.7791],[126.6626,37.7807],[126.6714,37.8348],[126.6593,37.8403],[126.6796,37.846],[126.6921,37.8685],[126.6834,37.8741],[126.6726,37.8701],[126.672,37.8781],[126.682,37.8798],[126.6701,37.888],[126.6828,37.9129],[126.666,37.9191],[126.671,37.9552],[126.6873,37.9572],[126.7037,37.9748],[126.7194,37.965],[126.7369,37.966],[126.7584,37.9837],[126.7728,37.9784],[126.7725,37.9839],[126.7836,37.9817],[126.7901,37.999],[126.8198,38.0051],[126.826,38.0242],[126.8277,38.0195],[126.8407,38.0329],[126.8554,38.0321],[126.8525,38.0531],[126.8584,38.054],[126.8696,38.0778],[126.8588,38.0896],[126.861,38.1069],[126.8827,38.1159],[126.8889,38.1288],[126.9047,38.1379],[126.9171,38.1367],[126.9279,38.1273],[126.9664,38.1374],[126.968,38.1475],[126.9494,38.1623],[126.9656,38.1711],[126.9665,38.199],[126.9749,38.1994],[126.9837,38.2106],[126.9817,38.2273],[126.9916,38.2295],[127.0047,38.2215],[127.0235,38.2416],[127.0204,38.2458],[127.0366,38.2498],[127.0418,38.2591],[127.0662,38.2637],[127.0765,38.2722],[127.0751,38.2776],[127.0922,38.2822],[127.1036,38.2806],[127.1014,38.2737],[127.1107,38.271],[127.1136,38.2368],[127.1312,38.2328],[127.1489,38.2423],[127.1633,38.2385],[127.1597,38.2195],[127.1712,38.2135],[127.1751,38.2055],[127.1697,38.1977],[127.1796,38.1853],[127.1892,38.1882],[127.1889,38.1618],[127.2192,38.1391],[127.2247,38.1479],[127.2344,38.1471],[127.2394,38.1566],[127.2563,38.1632],[127.2664,38.1804],[127.2831,38.1829],[127.298,38.1752],[127.284,38.1595],[127.2758,38.1242],[127.2807,38.1254],[127.2863,38.1146],[127.3095,38.1183],[127.3207,38.0947],[127.337,38.0898],[127.3398,38.1013],[127.3659,38.1069],[127.3786,38.1184],[127.4035,38.113],[127.4055,38.103],[127.4134,38.102],[127.4309,38.1154],[127.4412,38.1075],[127.4471,38.0807],[127.4462,38.0512],[127.4315,38.0354],[127.4484,38.0505],[127.463,38.0117],[127.5039,37.998],[127.5399,38.0006],[127.5452,37.9677],[127.6024,37.955],[127.6166,37.9283],[127.6121,37.9228],[127.6171,37.9064],[127.6058,37.8765],[127.5779,37.874],[127.5497,37.8465],[127.5294,37.8397],[127.5248,37.8297],[127.5374,37.8105],[127.5208,37.7925],[127.5449,37.7601],[127.5112,37.7364],[127.5071,37.7206],[127.5118,37.7157],[127.5272,37.7269],[127.5425,37.7199],[127.5566,37.7292],[127.5619,37.7201],[127.5506,37.687],[127.5528,37.6615],[127.5357,37.6507],[127.5379,37.6415],[127.5594,37.6285],[127.5807,37.6334],[127.5849,37.6423],[127.6062,37.6508],[127.647,37.6327],[127.6515,37.6229],[127.6638,37.6238],[127.7079,37.5864],[127.7541,37.5921],[127.7844,37.5781],[127.7941,37.5853],[127.8141,37.5642],[127.8481,37.5523],[127.842,37.5389],[127.8096,37.5379],[127.7855,37.5133],[127.7599,37.5033],[127.76,37.4929],[127.7747,37.4917],[127.7896,37.4748],[127.8005,37.4713],[127.7963,37.463],[127.804,37.4288],[127.7946,37.4243],[127.7841,37.3888],[127.7767,37.3833],[127.7789,37.3708],[127.7595,37.3673],[127.7612,37.3636],[127.7608,37.3526],[127.7579,37.3464],[127.7627,37.3343],[127.759,37.3312],[127.7683,37.3067],[127.7499,37.2972],[127.7605,37.2729],[127.7469,37.24],[127.7489,37.2183],[127.7353,37.2081],[127.7264,37.1825],[127.7169,37.1834],[127.7068,37.1703],[127.7043,37.1576],[127.695,37.1507],[127.6955,37.1404],[127.6702,37.1361],[127.6283,37.1553],[127.6378,37.1412],[127.6345,37.0998],[127.6119,37.0873],[127.5951,37.088],[127.6047,37.0688],[127.578,37.0753],[127.565,37.0606],[127.5695,37.0482],[127.5568,37.0412],[127.5183,37.0584],[127.4998,37.0476],[127.4862,37.0549],[127.4682,37.0535],[127.4569,37.0422],[127.4584,37.0205],[127.4471,37.0109],[127.3927,36.997],[127.385,36.9836],[127.4015,36.9677],[127.3873,36.9645],[127.3757,36.9487],[127.3496,36.9528],[127.3268,36.9359],[127.2956,36.9313],[127.3034,36.9164],[127.289,36.8939],[127.2735,36.9115],[127.2531,36.9224],[127.244,36.9176],[127.2105,36.9305],[127.2021,36.9517],[127.1445,36.9711],[127.1297,36.9664],[127.1115,36.9713],[127.0965,36.9593],[127.103,36.9532],[127.0958,36.9424],[127.0862,36.9477],[127.0741,36.9386],[127.0655,36.9419],[127.031,36.9281],[127.0156,36.9354],[126.9952,36.9354],[126.9097,36.9016],[126.8992,36.9299],[126.8871,36.9363],[126.8674,36.9333],[126.859,36.9507],[126.8539,36.9483],[126.8589,36.9421],[126.8496,36.9465],[126.826,36.986],[126.8208,36.9848],[126.813,36.9873],[126.8205,36.9855],[126.8234,36.9913],[126.8121,36.995],[126.8097,36.9884],[126.8041,36.9903],[126.8061,36.997],[126.7889,36.9952],[126.7789,37.0074],[126.7976,37.0141],[126.7946,37.0265],[126.7494,37.0302],[126.7427,37.038],[126.7567,37.0555],[126.684,37.1121],[126.6809,37.1173],[126.6742,37.1172],[126.6847,37.1191],[126.6757,37.1383],[126.6796,37.1431],[126.6603,37.138],[126.6962,37.151],[126.6825,37.1605],[126.6498,37.1546],[126.6611,37.163],[126.6536,37.181],[126.66,37.1764],[126.6699,37.1892],[126.66,37.1908],[126.6496,37.1835],[126.6609,37.2209],[126.6478,37.244],[126.6464,37.2581],[126.6538,37.2694],[126.6327,37.287],[126.6464,37.2785],[126.6576,37.2828],[126.6614,37.2914],[126.648,37.2926],[126.6332,37.2889],[126.6293,37.2849],[126.6329,37.2891],[126.6476,37.2927],[126.6617,37.2925],[126.6618,37.2779],[126.6842,37.281],[126.672,37.2732],[126.6796,37.2572],[126.698,37.2611],[126.734,37.2494],[126.7563,37.2543],[126.7651,37.2452],[126.7751,37.2474],[126.7764,37.2365],[126.783,37.2297],[126.7866,37.233],[126.7783,37.2458],[126.7896,37.2441],[126.7907,37.2671],[126.8112,37.2676],[126.8041,37.2768],[126.8048,37.2937],[126.8192,37.2905],[126.8275,37.2773],[126.8428,37.2672],[126.8381,37.2761],[126.8281,37.2796],[126.8168,37.298],[126.7676,37.2925],[126.6764,37.3202],[126.6712,37.329],[126.6146,37.3132],[126.578,37.2928],[126.5858,37.291],[126.5823,37.2877],[126.589,37.2902]],[[126.7842,37.4715],[126.7843,37.4713],[126.7851,37.47],[126.7887,37.466],[126.7892,37.4656],[126.7914,37.4653],[126.7843,37.4724],[126.7842,37.4715]],[[126.8906,37.3754],[126.8891,37.376],[126.8862,37.3768],[126.8906,37.3754]],[[126.8924,37.3675],[126.8933,37.3666],[126.894,37.3662],[126.8921,37.3679],[126.8924,37.3675]],[[126.8948,37.3613],[126.8952,37.3606],[126.8954,37.3604],[126.8964,37.3595],[126.894,37.3662],[126.8948,37.3613]],[[126.8969,37.3593],[126.8999,37.3588],[126.9007,37.3589],[126.9012,37.359],[126.9028,37.3596],[126.9038,37.36],[126.9059,37.3612],[126.8964,37.3595],[126.8969,37.3593]],[[127.0388,37.3173],[127.0387,37.3188],[127.0386,37.3178],[127.0388,37.3173]],[[127.0387,37.317],[127.0379,37.3157],[127.0384,37.3164],[127.0387,37.317]],[[127.0341,37.3132],[127.033,37.3117],[127.0324,37.3096],[127.0327,37.3006],[127.0341,37.3132]],[[127.0352,37.2942],[127.0345,37.2954],[127.0333,37.298],[127.0344,37.2936],[127.0352,37.2942]],[[127.0412,37.2909],[127.0389,37.2926],[127.0341,37.2934],[127.0412,37.2909]],[[127.0391,37.2855],[127.0425,37.2884],[127.0412,37.2909],[127.0391,37.2855]],[[127.0419,37.2448],[127.0425,37.247],[127.0418,37.2472],[127.0419,37.2448]],[[127.0392,37.2376],[127.0392,37.2372],[127.0413,37.2432],[127.0392,37.2376]],[[127.0443,37.2343],[127.0437,37.2346],[127.0429,37.2348],[127.0443,37.2343]],[[127.045,37.2332],[127.0459,37.2328],[127.0462,37.2328],[127.045,37.2332]],[[127.0469,37.2329],[127.0478,37.2332],[127.0463,37.2328],[127.0469,37.2329]],[[127.0522,37.234],[127.0516,37.2343],[127.0513,37.2343],[127.0522,37.234]],[[127.0657,37.2402],[127.0651,37.2401],[127.0605,37.2367],[127.0657,37.2402]],[[127.0669,37.2402],[127.0663,37.2402],[127.0665,37.2401],[127.0669,37.2402]],[[126.8574,37.2727],[126.8647,37.2724],[126.8746,37.2758],[126.8753,37.2774],[126.8529,37.2724],[126.8439,37.2675],[126.8485,37.2575],[126.8574,37.2727]],[[126.9282,37.2756],[126.928,37.275],[126.9273,37.2734],[126.927,37.2721],[126.9271,37.2713],[126.9288,37.2693],[126.9302,37.2631],[126.9308,37.2609],[126.9316,37.2609],[126.9282,37.2756]],[[126.9498,37.2545],[126.9501,37.2557],[126.9484,37.2568],[126.9498,37.2545]],[[126.9506,37.2525],[126.9525,37.2517],[126.9498,37.2543],[126.9506,37.2525]],[[126.9528,37.249],[126.9529,37.2487],[126.9528,37.2494],[126.9528,37.249]],[[126.953,37.2486],[126.9534,37.2482],[126.9536,37.248],[126.9562,37.2468],[126.9529,37.2487],[126.953,37.2486]],[[126.9568,37.2447],[126.9577,37.2435],[126.9562,37.2468],[126.9568,37.2447]],[[126.9575,37.2403],[126.9575,37.2401],[126.9576,37.24],[126.9579,37.2411],[126.9575,37.2403]],[[126.9627,37.2376],[126.964,37.2372],[126.9634,37.2375],[126.9627,37.2376]],[[126.9729,37.2287],[126.9777,37.2297],[126.979,37.2304],[126.9729,37.2287]],[[126.9851,37.2318],[126.9811,37.2325],[126.9823,37.2322],[126.9851,37.2318]],[[126.9875,37.2342],[126.9896,37.2328],[126.9883,37.2341],[126.9875,37.2342]],[[126.9893,37.2318],[126.9894,37.2317],[126.9893,37.2323],[126.9893,37.2318]],[[126.9913,37.231],[126.9953,37.2301],[126.9938,37.2305],[126.9895,37.2317],[126.9913,37.231]],[[126.9977,37.2277],[126.9982,37.2265],[126.9988,37.2258],[126.997,37.2293],[126.9977,37.2277]],[[127.0073,37.2276],[127.0084,37.227],[127.0086,37.227],[127.0096,37.2268],[127.0073,37.2276]],[[127.0304,37.2335],[127.0301,37.233],[127.0299,37.2321],[127.0304,37.2335]],[[126.7708,37.1016],[126.7583,37.1114],[126.7604,37.1179],[126.7766,37.1322],[126.795,37.1288],[126.8014,37.1384],[126.8166,37.1434],[126.8001,37.1539],[126.7817,37.1523],[126.7978,37.1623],[126.7923,37.1732],[126.8006,37.1962],[126.7947,37.1815],[126.7775,37.1652],[126.7472,37.1676],[126.7269,37.1387],[126.7062,37.1317],[126.7014,37.1272],[126.7049,37.1232],[126.684,37.1146],[126.7563,37.0563],[126.77,37.0601],[126.7709,37.0644],[126.7648,37.0634],[126.7708,37.1016]],[[126.9291,37.286],[126.9284,37.2835],[126.928,37.282],[126.9276,37.2792],[126.9291,37.286]],[[126.9396,37.2953],[126.9396,37.2954],[126.9396,37.2956],[126.9396,37.2958],[126.9396,37.2959],[126.9394,37.2966],[126.9395,37.2952],[126.9396,37.2953]],[[126.9342,37.2924],[126.9335,37.292],[126.9332,37.2917],[126.9371,37.2934],[126.9342,37.2924]],[[126.9376,37.297],[126.9326,37.3006],[126.9341,37.299],[126.9376,37.297]],[[126.9324,37.3009],[126.9328,37.3027],[126.9326,37.3023],[126.9324,37.3009]],[[126.7928,37.4654],[126.7918,37.4653],[126.7924,37.4653],[126.7928,37.4654]],[[126.7942,37.4658],[126.801,37.4638],[126.7988,37.4646],[126.7942,37.4658]],[[126.8089,37.4621],[126.8087,37.4621],[126.8081,37.4621],[126.8132,37.4601],[126.8089,37.4621]],[[126.8262,37.4599],[126.8232,37.4584],[126.8261,37.4595],[126.8262,37.4599]],[[126.8329,37.4715],[126.8324,37.4744],[126.8324,37.4739],[126.8329,37.4715]],[[126.7659,37.3424],[126.7684,37.3424],[126.7672,37.3427],[126.7659,37.3424]],[[126.9328,37.3776],[126.9318,37.3775],[126.9357,37.3759],[126.9328,37.3776]],[[126.8712,37.4127],[126.8702,37.4081],[126.8704,37.407],[126.8712,37.4127]],[[126.8889,37.4186],[126.8897,37.4173],[126.8904,37.4204],[126.8889,37.4186]],[[126.8961,37.4279],[126.8957,37.4278],[126.8965,37.4254],[126.8961,37.4279]],[[126.8958,37.4306],[126.8943,37.4291],[126.8953,37.4274],[126.8958,37.4306]],[[126.8983,37.4317],[126.8996,37.435],[126.8997,37.4378],[126.8983,37.4317]],[[127.1833,38.098],[127.1841,38.0916],[127.1828,38.1035],[127.1833,38.098]],[[127.1902,38.0694],[127.1902,38.0698],[127.1898,38.071],[127.1902,38.0694]],[[127.1819,38.0643],[127.1835,38.0638],[127.1875,38.0645],[127.1819,38.0643]],[[127.1623,38.0625],[127.1605,38.0631],[127.1585,38.0634],[127.1582,38.0634],[127.1623,38.0625]],[[127.147,38.0658],[127.1461,38.0628],[127.1478,38.0582],[127.147,38.0658]],[[127.1445,38.0725],[127.1434,38.0731],[127.1471,38.066],[127.1445,38.0725]],[[127.1342,38.0652],[127.1329,38.0643],[127.1366,38.0655],[127.1342,38.0652]],[[127.1203,38.0617],[127.1189,38.0615],[127.1252,38.0601],[127.1203,38.0617]],[[127.1179,37.9832],[127.118,37.9828],[127.1238,37.9805],[127.1179,37.9832]],[[127.1121,37.9888],[127.1114,37.9889],[127.1008,37.9892],[127.1174,37.9852],[127.1121,37.9888]],[[127.0945,37.985],[127.0929,37.985],[127.0924,37.985],[127.0908,37.9846],[127.0904,37.9841],[127.0945,37.985]],[[127.0768,37.9767],[127.0735,37.9767],[127.0804,37.9764],[127.0768,37.9767]],[[127.05,37.979],[127.0507,37.9791],[127.0532,37.9806],[127.05,37.979]],[[127.0289,37.9489],[127.0245,37.9402],[127.0278,37.9438],[127.0289,37.9489]],[[126.9912,37.9356],[126.9942,37.934],[126.9929,37.9351],[126.9912,37.9356]],[[126.8008,37.9917],[126.7964,37.9937],[126.7942,37.9928],[126.7931,37.9923],[126.8008,37.9917]],[[126.8015,37.99],[126.8008,37.9897],[126.8006,37.9894],[126.8005,37.9889],[126.8002,37.9877],[126.8002,37.9875],[126.8027,37.9827],[126.8048,37.9813],[126.8061,37.9803],[126.8008,37.9917],[126.8015,37.99]],[[126.8116,37.9688],[126.8073,37.9712],[126.8092,37.969],[126.8116,37.9688]],[[126.8141,37.9688],[126.8125,37.9693],[126.8187,37.9641],[126.8141,37.9688]],[[126.8283,37.9598],[126.8211,37.9575],[126.8237,37.9582],[126.8283,37.9598]],[[126.8391,37.9755],[126.8389,37.9731],[126.8395,37.9768],[126.8391,37.9755]],[[126.8585,37.9824],[126.8551,37.9846],[126.8528,37.986],[126.8526,37.9861],[126.8518,37.9863],[126.8516,37.9863],[126.8585,37.9824]],[[126.8725,37.9711],[126.873,37.9708],[126.8734,37.9705],[126.8736,37.9704],[126.8701,37.9738],[126.8683,37.9752],[126.8725,37.9711]],[[126.8864,37.9662],[126.887,37.9662],[126.8934,37.9683],[126.8864,37.9662]],[[126.9137,37.9877],[126.9101,37.9882],[126.9229,37.9849],[126.9137,37.9877]],[[126.9329,37.9817],[126.9382,37.9809],[126.9526,37.988],[126.9329,37.9817]],[[126.9694,38.0027],[126.9697,38.0032],[126.9639,37.9991],[126.9694,38.0027]],[[126.9749,38.007],[126.9753,38.0069],[126.9778,38.0077],[126.9749,38.007]],[[126.9894,38.0106],[126.9843,38.0094],[126.9896,38.01],[126.9894,38.0106]],[[126.9929,38.0041],[126.9919,38.0054],[126.9935,38.0028],[126.9929,38.0041]],[[127.001,37.996],[127.0039,37.9943],[127.0005,37.9964],[127.001,37.996]],[[126.9983,37.9999],[126.997,38.0006],[127.0005,37.9964],[126.9983,37.9999]],[[127.0087,37.9938],[127.0064,37.9939],[127.0148,37.9928],[127.0087,37.9938]],[[127.0149,37.9927],[127.0151,37.9854],[127.0161,37.992],[127.0149,37.9927]],[[127.0119,37.9771],[127.0097,37.9749],[127.0112,37.9761],[127.0119,37.9771]],[[127.0054,37.9753],[127.005,37.9753],[127.0071,37.9739],[127.0074,37.9739],[127.0078,37.9739],[127.0083,37.9741],[127.0054,37.9753]],[[127.0017,37.9683],[127.0019,37.9684],[126.9961,37.9676],[127.0017,37.9683]],[[126.9885,37.9628],[126.9884,37.9624],[126.9882,37.9619],[126.9882,37.9618],[126.9885,37.9565],[126.9916,37.9679],[126.9885,37.9628]],[[126.9747,37.943],[126.9865,37.956],[126.9851,37.9557],[126.9747,37.943]],[[127.2864,37.5113],[127.2861,37.5128],[127.2858,37.5138],[127.2864,37.5113]],[[127.2891,37.5059],[127.2899,37.5057],[127.2913,37.5055],[127.2926,37.5055],[127.2948,37.5057],[127.2951,37.5057],[127.2968,37.5064],[127.2974,37.5066],[127.3005,37.5077],[127.2873,37.5067],[127.2891,37.5059]],[[127.2857,37.5155],[127.2856,37.5171],[127.2857,37.5151],[127.2857,37.5155]],[[127.3146,37.5285],[127.313,37.5285],[127.3102,37.5277],[127.3095,37.5274],[127.3089,37.5271],[127.3146,37.5285]],[[127.3264,37.5357],[127.3232,37.5345],[127.3228,37.5342],[127.3222,37.5337],[127.3188,37.531],[127.3264,37.5357]],[[127.3404,37.5347],[127.3462,37.5359],[127.3352,37.5348],[127.3404,37.5347]],[[127.3758,37.5124],[127.3786,37.5079],[127.3798,37.5058],[127.3726,37.52],[127.3758,37.5124]],[[127.3829,37.5017],[127.3833,37.5013],[127.3835,37.501],[127.3843,37.5003],[127.3798,37.5058],[127.3829,37.5017]],[[127.3843,37.4997],[127.3845,37.4995],[127.3846,37.4993],[127.3849,37.4989],[127.3852,37.4986],[127.3855,37.4983],[127.3845,37.5001],[127.3843,37.4997]],[[127.3821,37.4949],[127.3814,37.4935],[127.3804,37.4904],[127.3804,37.49],[127.3855,37.4983],[127.3821,37.4949]],[[127.3805,37.4896],[127.3805,37.4893],[127.3843,37.4828],[127.3848,37.4823],[127.3849,37.4823],[127.3853,37.4822],[127.3858,37.4815],[127.3804,37.49],[127.3805,37.4896]],[[127.3866,37.4697],[127.3866,37.4694],[127.3867,37.4681],[127.387,37.4673],[127.3871,37.4669],[127.3867,37.4702],[127.3866,37.4697]],[[127.3855,37.4628],[127.3851,37.4616],[127.3851,37.461],[127.3851,37.4603],[127.3854,37.46],[127.3871,37.4669],[127.3855,37.4628]],[[127.3737,37.4446],[127.3797,37.4439],[127.3725,37.4449],[127.3737,37.4446]],[[127.3827,37.442],[127.3827,37.4415],[127.3839,37.4364],[127.3829,37.4427],[127.3827,37.442]],[[127.3843,37.4348],[127.3851,37.4338],[127.3839,37.4364],[127.3843,37.4348]],[[127.3915,37.428],[127.3924,37.4275],[127.3932,37.427],[127.3943,37.4265],[127.3957,37.4261],[127.3893,37.4293],[127.3915,37.428]],[[127.3984,37.4228],[127.3988,37.4221],[127.399,37.4218],[127.3984,37.4237],[127.3984,37.4228]],[[127.3992,37.4217],[127.3993,37.4216],[127.4003,37.4214],[127.4013,37.4218],[127.399,37.4218],[127.3992,37.4217]],[[127.4117,37.4317],[127.4116,37.4317],[127.4113,37.4318],[127.4102,37.4315],[127.4117,37.4317]],[[127.416,37.4332],[127.4245,37.4386],[127.42,37.4375],[127.416,37.4332]],[[127.4406,37.4342],[127.4409,37.4342],[127.4414,37.4344],[127.4271,37.4375],[127.4406,37.4342]],[[127.4524,37.4296],[127.4555,37.4284],[127.4571,37.4282],[127.4483,37.4325],[127.4476,37.4327],[127.4425,37.4343],[127.4414,37.4344],[127.4524,37.4296]],[[127.4944,37.4326],[127.4961,37.4323],[127.4934,37.4331],[127.4917,37.4334],[127.4911,37.4335],[127.4896,37.4336],[127.4944,37.4326]],[[127.5115,37.4381],[127.5121,37.4379],[127.5132,37.4377],[127.5115,37.4381]],[[127.5157,37.4373],[127.5205,37.4358],[127.5178,37.4368],[127.5157,37.4373]],[[127.5294,37.429],[127.5279,37.4307],[127.5254,37.4327],[127.5294,37.429]],[[127.5366,37.412],[127.5361,37.4144],[127.5315,37.4256],[127.5366,37.412]],[[127.5817,37.4166],[127.5833,37.4166],[127.583,37.4169],[127.5817,37.4166]],[[127.5921,37.421],[127.5924,37.4208],[127.5925,37.4208],[127.5921,37.421]],[[127.6189,37.4113],[127.6177,37.4138],[127.6129,37.4156],[127.6017,37.4205],[127.6013,37.4211],[127.5952,37.4205],[127.6189,37.4113]],[[127.6422,37.4069],[127.6353,37.4135],[127.6264,37.4131],[127.6422,37.4069]],[[127.6674,37.4126],[127.6688,37.4122],[127.6731,37.412],[127.6611,37.4158],[127.6674,37.4126]],[[127.684,37.3982],[127.6844,37.3982],[127.6868,37.3989],[127.6849,37.4061],[127.684,37.3982]],[[127.6941,37.4025],[127.6909,37.4014],[127.6872,37.3993],[127.6941,37.4025]],[[127.6979,37.4056],[127.708,37.4103],[127.7009,37.4071],[127.6979,37.4056]],[[127.7081,37.4103],[127.7106,37.4072],[127.7089,37.4098],[127.7081,37.4103]],[[127.7141,37.4049],[127.7129,37.4056],[127.7126,37.4057],[127.7141,37.4049]],[[127.7052,37.3933],[127.7044,37.3923],[127.7043,37.3921],[127.7143,37.3984],[127.7147,37.3993],[127.7052,37.3933]],[[127.7031,37.3878],[127.704,37.386],[127.7042,37.392],[127.7031,37.3878]],[[127.704,37.3852],[127.7025,37.3805],[127.7031,37.3807],[127.704,37.3852]],[[127.7069,37.3705],[127.7006,37.3771],[127.7022,37.373],[127.7069,37.3705]],[[127.7164,37.3701],[127.7137,37.3707],[127.7092,37.3713],[127.7084,37.371],[127.7164,37.3701]],[[127.7198,37.3713],[127.7191,37.3715],[127.7181,37.3714],[127.7164,37.3701],[127.7198,37.3713]],[[127.7242,37.3716],[127.7231,37.372],[127.7225,37.3719],[127.7242,37.3716]],[[127.7397,37.3721],[127.7411,37.3716],[127.7326,37.3754],[127.7316,37.3758],[127.7299,37.3762],[127.7397,37.3721]],[[127.742,37.3703],[127.743,37.3698],[127.7411,37.3716],[127.742,37.3703]],[[127.7478,37.3692],[127.7507,37.3694],[127.7482,37.3693],[127.7478,37.3692]],[[127.0455,37.3175],[127.046,37.3172],[127.049,37.3161],[127.0455,37.3175]],[[127.0602,37.3041],[127.0603,37.304],[127.0605,37.3041],[127.0602,37.3041]],[[127.0865,37.2983],[127.0834,37.2978],[127.0828,37.2977],[127.0827,37.2976],[127.0796,37.2951],[127.079,37.2933],[127.0865,37.2983]],[[127.084,37.2555],[127.0833,37.2548],[127.0836,37.255],[127.084,37.2555]],[[127.0812,37.2676],[127.0819,37.2679],[127.0824,37.2682],[127.0849,37.2699],[127.0812,37.2676]],[[127.0757,37.2613],[127.0771,37.2629],[127.0774,37.2632],[127.0775,37.2634],[127.0775,37.2636],[127.0766,37.265],[127.0757,37.2613]],[[127.0711,37.2805],[127.0698,37.2789],[127.0695,37.2783],[127.0711,37.2805]],[[127.0792,37.284],[127.0841,37.2856],[127.0826,37.2853],[127.0792,37.284]],[[127.0387,37.2844],[127.0387,37.2843],[127.0387,37.2842],[127.0387,37.2838],[127.0387,37.2835],[127.0394,37.2837],[127.0395,37.2837],[127.0397,37.2837],[127.0398,37.2838],[127.0401,37.2838],[127.0387,37.2844]],[[127.0419,37.2859],[127.0411,37.2856],[127.0432,37.2853],[127.0419,37.2859]],[[127.0418,37.2827],[127.0421,37.2825],[127.0418,37.284],[127.0418,37.2827]],[[127.0456,37.2742],[127.0436,37.2794],[127.0439,37.2753],[127.0456,37.2742]],[[127.0372,37.2711],[127.0384,37.2695],[127.0373,37.275],[127.0372,37.2711]],[[127.0384,37.26],[127.0405,37.2651],[127.0406,37.2652],[127.0404,37.2653],[127.0384,37.26]],[[127.1022,37.7058],[127.103,37.7064],[127.0862,37.7019],[127.1022,37.7058]],[[127.1123,37.7178],[127.1116,37.7173],[127.1116,37.7172],[127.1109,37.7163],[127.1123,37.7178]],[[127.158,37.7492],[127.1593,37.7487],[127.1529,37.7535],[127.1501,37.7551],[127.1494,37.7555],[127.158,37.7492]],[[127.1805,37.7632],[127.1828,37.7644],[127.179,37.7627],[127.1783,37.7618],[127.1782,37.7616],[127.1767,37.7594],[127.1805,37.7632]],[[127.2103,37.7694],[127.2079,37.7673],[127.2079,37.7649],[127.2103,37.7694]],[[127.2605,37.7723],[127.26,37.7696],[127.2618,37.7757],[127.2605,37.7723]],[[127.1852,37.5918],[127.1853,37.5917],[127.1951,37.5911],[127.1852,37.5918]],[[127.2082,37.5825],[127.2135,37.5768],[127.2046,37.5869],[127.2025,37.5888],[127.2022,37.5891],[127.2001,37.59],[127.1965,37.5911],[127.1952,37.5911],[127.2082,37.5825]],[[127.214,37.5764],[127.2153,37.5756],[127.2159,37.5753],[127.2198,37.5737],[127.2135,37.5768],[127.214,37.5764]],[[127.22,37.5691],[127.2201,37.5681],[127.22,37.5734],[127.22,37.5691]],[[127.2202,37.5669],[127.2204,37.5665],[127.2201,37.5681],[127.2202,37.5669]],[[127.2207,37.5662],[127.2221,37.5649],[127.2248,37.5641],[127.2286,37.5631],[127.2204,37.5665],[127.2207,37.5662]],[[127.2816,37.5247],[127.2813,37.5251],[127.2746,37.5282],[127.2644,37.5323],[127.2816,37.5247]],[[127.2818,37.5246],[127.2847,37.5207],[127.2844,37.5216],[127.2818,37.5246]],[[127.179,37.5871],[127.1673,37.5831],[127.1783,37.5865],[127.179,37.5871]],[[127.1481,37.6414],[127.1465,37.6434],[127.1424,37.6456],[127.142,37.6458],[127.1488,37.6336],[127.1481,37.6414]],[[127.1428,37.6232],[127.1429,37.6225],[127.143,37.6221],[127.1447,37.6301],[127.1428,37.6232]],[[127.1461,37.6124],[127.1479,37.6086],[127.1476,37.6105],[127.1461,37.6124]],[[127.1506,37.5999],[127.1514,37.599],[127.1479,37.6084],[127.1506,37.5999]],[[127.1537,37.5974],[127.1561,37.5963],[127.1571,37.596],[127.1593,37.5956],[127.1604,37.5956],[127.1514,37.599],[127.1537,37.5974]],[[127.1616,37.5958],[127.1608,37.5956],[127.163,37.5959],[127.1616,37.5958]],[[127.1631,37.5959],[127.1682,37.5935],[127.1666,37.5948],[127.1631,37.5959]],[[127.1638,37.5899],[127.1626,37.5897],[127.1624,37.5896],[127.1638,37.5899]],[[127.165,37.5897],[127.1652,37.5897],[127.1638,37.5899],[127.165,37.5897]],[[127.1621,37.5848],[127.1605,37.5868],[127.1608,37.586],[127.1621,37.5848]],[[127.1267,37.6414],[127.1248,37.642],[127.1197,37.6429],[127.1192,37.643],[127.1182,37.6432],[127.1165,37.6433],[127.1125,37.6436],[127.1119,37.6435],[127.1267,37.6414]],[[127.1392,37.6459],[127.1337,37.6433],[127.1411,37.646],[127.1392,37.6459]],[[127.2678,37.7826],[127.2687,37.7855],[127.268,37.7844],[127.2678,37.7826]],[[127.2707,37.7939],[127.2707,37.7937],[127.2715,37.7914],[127.273,37.79],[127.2707,37.7939]],[[127.2719,37.796],[127.271,37.7946],[127.2707,37.7939],[127.2719,37.796]],[[127.2793,37.8163],[127.2792,37.817],[127.279,37.8175],[127.2768,37.8214],[127.2771,37.8222],[127.2772,37.8229],[127.2772,37.8238],[127.2772,37.8239],[127.2769,37.8245],[127.2743,37.8263],[127.2785,37.8047],[127.2793,37.8163]],[[127.2744,37.8299],[127.2741,37.827],[127.2743,37.8263],[127.2744,37.8299]],[[127.276,37.8334],[127.2758,37.8357],[127.2758,37.8322],[127.276,37.8334]],[[127.2773,37.8375],[127.2787,37.8395],[127.2758,37.8357],[127.2773,37.8375]],[[127.2818,37.8448],[127.279,37.8423],[127.2788,37.842],[127.2818,37.8448]],[[127.2805,37.8539],[127.2842,37.8494],[127.286,37.8478],[127.2805,37.8539]],[[127.289,37.8703],[127.2891,37.8705],[127.2879,37.8692],[127.289,37.8703]],[[127.2913,37.8733],[127.2916,37.8742],[127.2909,37.8727],[127.2913,37.8733]],[[127.3125,37.8666],[127.3126,37.8658],[127.3134,37.8679],[127.3125,37.8666]],[[127.3178,37.8696],[127.3179,37.8701],[127.3186,37.8711],[127.3158,37.8678],[127.3178,37.8696]],[[127.3224,37.8873],[127.3223,37.8848],[127.3229,37.8787],[127.3251,37.8771],[127.3224,37.8873]],[[127.3248,37.8903],[127.3232,37.8893],[127.3224,37.8873],[127.3248,37.8903]],[[127.3297,37.9075],[127.3296,37.9093],[127.3295,37.9094],[127.3283,37.9101],[127.3266,37.9116],[127.3262,37.8909],[127.3297,37.9075]],[[127.3273,37.9123],[127.328,37.9134],[127.3293,37.9153],[127.3299,37.9163],[127.3302,37.9256],[127.3266,37.9116],[127.3273,37.9123]],[[127.3658,37.9274],[127.3662,37.929],[127.3658,37.9284],[127.3658,37.9274]],[[127.372,37.9335],[127.3719,37.933],[127.3732,37.935],[127.372,37.9335]],[[127.382,37.9414],[127.3786,37.9386],[127.3813,37.9403],[127.382,37.9414]],[[127.3828,37.9427],[127.3825,37.9421],[127.3832,37.9429],[127.3828,37.9427]],[[127.3808,37.9505],[127.3801,37.9504],[127.3797,37.9503],[127.3846,37.9433],[127.3808,37.9505]],[[127.3794,37.9582],[127.3793,37.9589],[127.3767,37.9616],[127.3793,37.9572],[127.3781,37.9556],[127.377,37.9541],[127.3766,37.9532],[127.379,37.9502],[127.3794,37.9582]],[[127.3833,37.9741],[127.3846,37.975],[127.3847,37.9752],[127.3848,37.9755],[127.3842,37.9785],[127.3797,37.9666],[127.3833,37.9741]],[[127.3864,37.9836],[127.3857,37.9831],[127.385,37.9825],[127.3849,37.9823],[127.3842,37.9804],[127.3842,37.9787],[127.3864,37.9836]],[[127.3957,37.9878],[127.3932,37.986],[127.3906,37.9839],[127.39,37.9832],[127.3957,37.9878]],[[127.4089,37.9961],[127.4074,37.9941],[127.4072,37.9931],[127.4089,37.9961]],[[127.415,38.0024],[127.4115,37.9971],[127.4148,38.0019],[127.415,38.0024]],[[127.417,38.0098],[127.4148,38.007],[127.4145,38.0056],[127.4146,38.0042],[127.417,38.0098]],[[127.4209,38.0179],[127.4235,38.0203],[127.4253,38.0225],[127.4209,38.0179]],[[127.4242,38.0311],[127.4251,38.0337],[127.4247,38.0335],[127.4242,38.0311]]]]}},{"type":"Feature","properties":{"code":"32","name":"강원특별자치도","short":"강원","name_en":"Gangwon","cx":128.207,"cy":37.824},"geometry":{"type":"MultiPolygon","coordinates":[[[[128.8981,37.0576],[128.8964,37.0445],[128.8785,37.0533],[128.8725,37.0439],[128.8469,37.0516],[128.8317,37.0674],[128.8294,37.0785],[128.8079,37.076],[128.8,37.079],[128.7994,37.0869],[128.7803,37.0923],[128.7654,37.064],[128.7566,37.0686],[128.7523,37.0559],[128.7625,37.0379],[128.751,37.0281],[128.7346,37.0402],[128.7004,37.0408],[128.6891,37.0531],[128.6298,37.0741],[128.6226,37.0874],[128.6064,37.0767],[128.6016,37.0831],[128.5918,37.0782],[128.5617,37.0902],[128.5381,37.0896],[128.5312,37.1],[128.5142,37.1037],[128.4966,37.1258],[128.4778,37.1102],[128.4352,37.1113],[128.4247,37.1025],[128.4185,37.1198],[128.396,37.1286],[128.4037,37.1396],[128.4009,37.1469],[128.3841,37.158],[128.3765,37.1524],[128.3644,37.1564],[128.3597,37.1502],[128.3515,37.1574],[128.3371,37.1579],[128.2964,37.1341],[128.2733,37.1476],[128.2644,37.1604],[128.2811,37.1734],[128.2981,37.1717],[128.2956,37.1833],[128.3105,37.1873],[128.3134,37.1968],[128.3264,37.1973],[128.3322,37.2139],[128.3166,37.2234],[128.2684,37.2079],[128.2509,37.2296],[128.2292,37.2276],[128.2078,37.2488],[128.1741,37.2326],[128.1731,37.2191],[128.1645,37.2135],[128.1253,37.2345],[128.1087,37.2057],[128.0743,37.1931],[128.0401,37.189],[128.0283,37.2023],[128.0388,37.216],[128.023,37.2256],[128.0183,37.2457],[127.9799,37.2583],[127.9389,37.2407],[127.9217,37.2254],[127.9325,37.207],[127.9336,37.1758],[127.9246,37.1645],[127.9086,37.1671],[127.8989,37.1498],[127.8866,37.1611],[127.8721,37.1643],[127.8613,37.1553],[127.853,37.1602],[127.8494,37.1535],[127.8016,37.1443],[127.7895,37.1434],[127.7708,37.1552],[127.756,37.1709],[127.7443,37.2075],[127.7469,37.24],[127.7605,37.2729],[127.7496,37.296],[127.7683,37.3067],[127.759,37.3312],[127.7595,37.3673],[127.7789,37.3708],[127.7767,37.3833],[127.7841,37.3888],[127.7946,37.4243],[127.804,37.4291],[127.7963,37.463],[127.8005,37.4713],[127.7896,37.4748],[127.7747,37.4917],[127.76,37.4929],[127.7599,37.5033],[127.7855,37.5133],[127.8096,37.5379],[127.842,37.5389],[127.848,37.5524],[127.8141,37.5642],[127.7941,37.5853],[127.7844,37.5781],[127.7541,37.5921],[127.7079,37.5864],[127.6638,37.6238],[127.6515,37.6229],[127.647,37.6327],[127.6062,37.6508],[127.5849,37.6423],[127.5807,37.6334],[127.5594,37.6285],[127.5379,37.6415],[127.5357,37.6507],[127.5528,37.6615],[127.5506,37.687],[127.5619,37.7201],[127.5566,37.7292],[127.5425,37.7199],[127.5272,37.7269],[127.5118,37.7157],[127.5071,37.7206],[127.5112,37.7364],[127.5449,37.7601],[127.5208,37.7925],[127.5374,37.8105],[127.5248,37.8297],[127.5294,37.8397],[127.5497,37.8465],[127.5779,37.874],[127.6058,37.8765],[127.6171,37.9064],[127.6121,37.9228],[127.6166,37.9283],[127.6024,37.955],[127.5452,37.9677],[127.5399,38.0006],[127.5039,37.998],[127.4615,38.0129],[127.4519,38.0346],[127.4529,38.0472],[127.4446,38.0573],[127.4452,38.0975],[127.4309,38.1154],[127.4134,38.102],[127.4055,38.103],[127.4035,38.113],[127.3786,38.1184],[127.3659,38.1069],[127.3398,38.1013],[127.337,38.0898],[127.3207,38.0947],[127.3095,38.1183],[127.2863,38.1146],[127.2807,38.1254],[127.2758,38.1242],[127.284,38.1595],[127.298,38.1752],[127.2831,38.1829],[127.2664,38.1804],[127.2563,38.1632],[127.2394,38.1566],[127.2344,38.1471],[127.2247,38.1479],[127.2192,38.1391],[127.1889,38.1618],[127.1892,38.1882],[127.1789,38.1877],[127.1697,38.1977],[127.1751,38.2055],[127.1712,38.2135],[127.1597,38.2195],[127.1633,38.2385],[127.1489,38.2423],[127.1312,38.2328],[127.1136,38.2368],[127.1107,38.271],[127.1017,38.2734],[127.1043,38.2799],[127.0957,38.2837],[127.1111,38.2957],[127.1275,38.299],[127.1322,38.3136],[127.14,38.3157],[127.1555,38.304],[127.2424,38.3331],[127.254,38.3268],[127.2855,38.3265],[127.2995,38.3129],[127.3284,38.3183],[127.3444,38.3287],[127.362,38.3241],[127.3814,38.3371],[127.4276,38.3268],[127.4458,38.3167],[127.4539,38.3182],[127.4516,38.3265],[127.4582,38.3267],[127.497,38.2996],[127.5779,38.3364],[127.609,38.3367],[127.6161,38.3264],[127.6335,38.3228],[127.684,38.324],[127.7004,38.3362],[127.714,38.3343],[127.7151,38.3293],[127.7452,38.3427],[127.751,38.3339],[127.7693,38.3352],[127.7824,38.349],[127.7973,38.3231],[127.8217,38.3038],[127.8749,38.3169],[127.8885,38.3088],[127.8949,38.3129],[127.9268,38.3094],[127.9582,38.3002],[127.9858,38.2735],[127.9918,38.2787],[128.0026,38.2755],[128.016,38.2899],[128.0182,38.3142],[128.0462,38.3073],[128.0688,38.31],[128.1153,38.3366],[128.1359,38.333],[128.1455,38.3428],[128.1578,38.3425],[128.175,38.3643],[128.1843,38.3606],[128.192,38.3729],[128.2071,38.3751],[128.2125,38.3701],[128.2306,38.3986],[128.2457,38.4056],[128.2458,38.4145],[128.2834,38.4362],[128.3067,38.4786],[128.3012,38.4907],[128.3132,38.5124],[128.3149,38.5748],[128.3095,38.5936],[128.3572,38.6136],[128.4048,38.5554],[128.4108,38.5559],[128.4051,38.5445],[128.4235,38.5227],[128.421,38.5064],[128.4385,38.4873],[128.4403,38.4757],[128.467,38.4501],[128.455,38.4452],[128.4567,38.4316],[128.4768,38.4021],[128.5107,38.3732],[128.507,38.3636],[128.5128,38.3473],[128.5287,38.3325],[128.5286,38.3213],[128.5512,38.3035],[128.5471,38.2912],[128.5601,38.2713],[128.5558,38.2738],[128.5603,38.2579],[128.6021,38.2146],[128.6027,38.2077],[128.5945,38.2107],[128.5821,38.1933],[128.5935,38.1916],[128.5934,38.2006],[128.6002,38.202],[128.598,38.1974],[128.6148,38.1811],[128.6061,38.1738],[128.6126,38.1437],[128.6685,38.0898],[128.6868,38.0552],[128.7276,38.022],[128.7361,38.0222],[128.7306,38.0071],[128.7641,37.98],[128.7599,37.9762],[128.7614,37.9724],[128.7659,37.9715],[128.7632,37.9663],[128.7892,37.9454],[128.7922,37.9316],[128.8317,37.9041],[128.835,37.8859],[128.8325,37.8947],[128.8302,37.8842],[128.8772,37.841],[128.8792,37.8294],[128.9467,37.7736],[128.9547,37.7732],[128.9571,37.7713],[128.9519,37.7728],[128.9514,37.7674],[128.9888,37.74],[129.0165,37.7051],[129.0554,37.6754],[129.057,37.6587],[129.0443,37.6432],[129.0459,37.6354],[129.0638,37.6233],[129.0539,37.6258],[129.0725,37.6032],[129.115,37.5789],[129.1218,37.5579],[129.1206,37.5392],[129.1171,37.5517],[129.1122,37.5494],[129.1155,37.5402],[129.1149,37.5373],[129.1147,37.5362],[129.1351,37.5049],[129.149,37.4976],[129.1356,37.5041],[129.1312,37.5014],[129.1362,37.4964],[129.1244,37.4907],[129.1449,37.4968],[129.1413,37.4929],[129.1573,37.482],[129.1587,37.4757],[129.1875,37.4559],[129.1976,37.4158],[129.2222,37.3962],[129.2573,37.3798],[129.2508,37.363],[129.267,37.3433],[129.2703,37.3216],[129.2887,37.3095],[129.2973,37.3111],[129.3004,37.2929],[129.3112,37.2861],[129.3185,37.2897],[129.3204,37.2824],[129.3291,37.2804],[129.3277,37.2634],[129.3567,37.2356],[129.3414,37.2259],[129.3475,37.2121],[129.3428,37.1959],[129.3476,37.1768],[129.3432,37.1749],[129.3585,37.1666],[129.3519,37.1642],[129.3639,37.1462],[129.3248,37.1423],[129.3181,37.133],[129.3011,37.1266],[129.2946,37.1144],[129.2712,37.1164],[129.266,37.1023],[129.249,37.0962],[129.2254,37.0737],[129.238,37.0387],[129.2253,37.0446],[129.1854,37.0417],[129.1661,37.0692],[129.0963,37.1004],[129.0704,37.0882],[129.0594,37.0652],[129.0367,37.0762],[128.9886,37.0844],[128.9593,37.0776],[128.9457,37.0938],[128.9218,37.0914],[128.9104,37.0661],[128.8981,37.0576]],[[129.1124,37.5402],[129.114,37.5373],[129.1149,37.5373],[129.1124,37.5402]],[[128.5759,37.8157],[128.5757,37.8141],[128.577,37.8171],[128.5759,37.8157]],[[128.5848,37.8192],[128.5855,37.8185],[128.587,37.8179],[128.5848,37.8192]],[[128.5961,37.8123],[128.5973,37.811],[128.597,37.8116],[128.5961,37.8123]],[[128.6111,37.7669],[128.6103,37.7662],[128.6104,37.7662],[128.6111,37.7669]],[[128.612,37.768],[128.614,37.7705],[128.613,37.7695],[128.612,37.768]],[[128.6196,37.7693],[128.6236,37.7696],[128.6255,37.7705],[128.6196,37.7693]],[[128.6372,37.7824],[128.6375,37.7825],[128.6373,37.7825],[128.6372,37.7824]],[[128.7352,37.7455],[128.7359,37.745],[128.7359,37.7451],[128.7352,37.7455]],[[128.7546,37.6704],[128.7592,37.6714],[128.7584,37.6714],[128.7546,37.6704]],[[128.7487,37.6665],[128.7473,37.6665],[128.7479,37.6664],[128.7487,37.6665]],[[128.7437,37.6598],[128.7438,37.6593],[128.7438,37.6595],[128.7437,37.6598]],[[128.7429,37.6584],[128.74,37.6575],[128.7414,37.6576],[128.7429,37.6584]],[[128.7359,37.6562],[128.7343,37.6552],[128.739,37.6574],[128.7359,37.6562]],[[128.7328,37.6531],[128.7331,37.6538],[128.7329,37.6535],[128.7328,37.6531]],[[128.7264,37.6104],[128.7305,37.6095],[128.734,37.6091],[128.7353,37.6091],[128.7264,37.6104]],[[128.7234,37.6113],[128.7231,37.6113],[128.7264,37.6104],[128.7234,37.6113]],[[128.7118,37.5886],[128.7092,37.5885],[128.7106,37.5884],[128.7118,37.5886]],[[128.7033,37.5905],[128.7034,37.59],[128.708,37.5887],[128.7033,37.5905]],[[128.7033,37.5908],[128.7019,37.5918],[128.6992,37.5934],[128.7033,37.5908]],[[128.6816,37.5749],[128.6818,37.5759],[128.6817,37.5765],[128.6816,37.5749]],[[128.6726,37.5568],[128.6726,37.5567],[128.6737,37.5566],[128.6726,37.5568]],[[128.6337,37.5409],[128.6321,37.5433],[128.6324,37.5426],[128.6337,37.5409]],[[128.6321,37.5489],[128.6317,37.5502],[128.6303,37.5524],[128.6321,37.5489]],[[128.6266,37.5624],[128.6264,37.5635],[128.6263,37.5638],[128.6257,37.5645],[128.6271,37.5576],[128.6266,37.5624]],[[128.6252,37.5732],[128.6245,37.5734],[128.62,37.5747],[128.6191,37.5743],[128.6257,37.5727],[128.6252,37.5732]],[[128.6179,37.5745],[128.616,37.5752],[128.617,37.5747],[128.6179,37.5745]],[[128.587,37.548],[128.5882,37.5495],[128.5872,37.5488],[128.587,37.548]],[[128.5845,37.5372],[128.5841,37.5366],[128.5876,37.5378],[128.5845,37.5372]],[[128.5825,37.5329],[128.5817,37.53],[128.5833,37.5352],[128.5825,37.5329]],[[128.5802,37.5209],[128.5783,37.5152],[128.5795,37.5174],[128.5802,37.5209]],[[128.5771,37.5105],[128.5778,37.5134],[128.5772,37.5111],[128.5771,37.5105]],[[128.5845,37.4891],[128.5839,37.4901],[128.5818,37.4914],[128.5845,37.4891]],[[128.5838,37.4875],[128.5845,37.4873],[128.5847,37.4882],[128.5846,37.4888],[128.5838,37.4875]],[[128.5807,37.4902],[128.5801,37.4903],[128.5816,37.4897],[128.5807,37.4902]],[[128.5736,37.4893],[128.5753,37.4892],[128.58,37.4903],[128.5736,37.4893]],[[128.57,37.4977],[128.5655,37.5004],[128.5649,37.5006],[128.5721,37.4902],[128.57,37.4977]],[[128.5566,37.4886],[128.5577,37.4901],[128.5566,37.489],[128.5566,37.4886]],[[128.5597,37.4593],[128.5552,37.4574],[128.5585,37.4587],[128.5597,37.4593]],[[128.5505,37.4576],[128.5472,37.4591],[128.5463,37.4594],[128.5455,37.4596],[128.5505,37.4576]],[[128.5257,37.4636],[128.532,37.4617],[128.5387,37.4606],[128.541,37.4603],[128.5257,37.4636]],[[128.522,37.4603],[128.5232,37.4619],[128.5237,37.4631],[128.522,37.4603]],[[128.5214,37.4603],[128.5202,37.4598],[128.5149,37.457],[128.5137,37.4557],[128.522,37.4603],[128.5214,37.4603]],[[128.5132,37.4549],[128.5136,37.4557],[128.5132,37.4551],[128.5132,37.4549]],[[128.5063,37.4182],[128.5101,37.4203],[128.5113,37.421],[128.5134,37.4227],[128.5063,37.4182]],[[128.508,37.4149],[128.5081,37.4143],[128.5081,37.4148],[128.508,37.4149]],[[128.549,37.359],[128.5483,37.3579],[128.5478,37.3565],[128.549,37.359]],[[128.5699,37.3359],[128.5686,37.3348],[128.5693,37.3351],[128.5699,37.3359]],[[128.5822,37.3023],[128.5842,37.3049],[128.5844,37.3058],[128.5822,37.3023]],[[128.5812,37.3015],[128.5803,37.3004],[128.5822,37.3023],[128.5812,37.3015]],[[128.5851,37.2751],[128.5843,37.2742],[128.5841,37.274],[128.5903,37.2782],[128.5851,37.2751]],[[128.2723,37.4087],[128.2748,37.4074],[128.2784,37.4065],[128.2789,37.4065],[128.2723,37.4087]],[[128.2649,37.4096],[128.2626,37.413],[128.2592,37.4169],[128.2655,37.4084],[128.2649,37.4096]],[[128.2583,37.4232],[128.2579,37.424],[128.2576,37.4242],[128.2592,37.4169],[128.2583,37.4232]],[[128.279,37.4066],[128.2813,37.4069],[128.2801,37.4068],[128.279,37.4066]],[[128.2842,37.4051],[128.285,37.4047],[128.2914,37.4024],[128.2842,37.4051]],[[128.2938,37.3958],[128.2937,37.3994],[128.2934,37.3968],[128.2938,37.3958]],[[128.2968,37.3908],[128.2963,37.3916],[128.2954,37.3929],[128.2945,37.3939],[128.2968,37.3908]],[[128.307,37.3868],[128.3028,37.3885],[128.3,37.3888],[128.307,37.3868]],[[128.3088,37.3839],[128.3134,37.3819],[128.31,37.3838],[128.3088,37.3839]],[[128.3259,37.3781],[128.3194,37.3797],[128.3187,37.3795],[128.3259,37.3781]],[[128.3235,37.3715],[128.3252,37.3742],[128.325,37.374],[128.3235,37.3715]],[[128.3238,37.3705],[128.323,37.3694],[128.3236,37.3701],[128.3238,37.3705]],[[128.3207,37.3485],[128.3166,37.353],[128.3169,37.3523],[128.3207,37.3485]],[[128.321,37.3482],[128.3226,37.3435],[128.3221,37.3463],[128.321,37.3482]],[[128.3236,37.3239],[128.3245,37.3214],[128.3248,37.3209],[128.3243,37.3294],[128.3235,37.3337],[128.3226,37.335],[128.3225,37.3351],[128.3236,37.3239]],[[128.3259,37.3216],[128.3302,37.3226],[128.3291,37.3226],[128.3259,37.3216]],[[128.3369,37.3168],[128.339,37.3147],[128.3418,37.3126],[128.3345,37.3201],[128.3312,37.3221],[128.3369,37.3168]],[[128.3431,37.3117],[128.3449,37.3111],[128.3463,37.3106],[128.3488,37.31],[128.3418,37.3126],[128.3431,37.3117]],[[128.3612,37.3043],[128.3576,37.3086],[128.3531,37.3092],[128.3612,37.3043]],[[128.3638,37.2991],[128.364,37.2989],[128.363,37.3017],[128.3614,37.304],[128.3638,37.2991]],[[128.3722,37.2911],[128.3772,37.2894],[128.3795,37.2888],[128.3809,37.2887],[128.3827,37.289],[128.3829,37.2891],[128.3722,37.2911]],[[128.4001,37.2971],[128.3982,37.2973],[128.3972,37.2973],[128.3945,37.2959],[128.3939,37.2955],[128.4001,37.2971]],[[128.4009,37.296],[128.4027,37.2952],[128.4061,37.294],[128.4001,37.2971],[128.4009,37.296]],[[128.4093,37.296],[128.4085,37.2943],[128.4088,37.2947],[128.4093,37.296]],[[128.4088,37.3064],[128.4066,37.3054],[128.407,37.3055],[128.4088,37.3064]],[[128.4047,37.3208],[128.4086,37.327],[128.406,37.3238],[128.4047,37.3208]],[[128.4297,37.3398],[128.4258,37.3428],[128.425,37.343],[128.4206,37.3437],[128.4193,37.3434],[128.4297,37.3398]],[[128.444,37.3369],[128.4456,37.3371],[128.4469,37.3376],[128.4297,37.3398],[128.444,37.3369]],[[128.4471,37.3376],[128.4483,37.3376],[128.4472,37.3377],[128.4471,37.3376]],[[128.45,37.3367],[128.4493,37.3374],[128.4487,37.3376],[128.45,37.3367]],[[128.452,37.3357],[128.4528,37.3357],[128.4503,37.3364],[128.452,37.3357]],[[128.454,37.3337],[128.4537,37.3329],[128.454,37.3321],[128.4586,37.3281],[128.463,37.3242],[128.4528,37.3357],[128.454,37.3337]],[[128.4623,37.3146],[128.4639,37.3161],[128.4627,37.3153],[128.4623,37.3146]],[[128.4625,37.3085],[128.4647,37.3067],[128.466,37.3066],[128.47,37.307],[128.462,37.3141],[128.4625,37.3085]],[[128.4761,37.3043],[128.4799,37.3029],[128.4814,37.3026],[128.4831,37.3025],[128.4919,37.3023],[128.4761,37.3043]],[[128.495,37.3028],[128.4932,37.3024],[128.4948,37.3027],[128.495,37.3028]],[[128.5002,37.2932],[128.5002,37.2937],[128.5002,37.2952],[128.5001,37.2958],[128.4971,37.3032],[128.5005,37.2908],[128.5002,37.2932]],[[128.5088,37.2888],[128.503,37.2892],[128.505,37.2887],[128.5088,37.2888]],[[128.5129,37.2874],[128.5135,37.2874],[128.5198,37.2876],[128.5207,37.2878],[128.5212,37.288],[128.5228,37.2897],[128.5102,37.2894],[128.5129,37.2874]],[[128.5345,37.2858],[128.5359,37.2839],[128.5327,37.2896],[128.5316,37.2905],[128.5304,37.2915],[128.529,37.2925],[128.5345,37.2858]],[[128.5587,37.2867],[128.5564,37.2885],[128.5445,37.287],[128.5587,37.2867]],[[128.5645,37.2793],[128.5653,37.279],[128.5665,37.2788],[128.5601,37.2853],[128.5645,37.2793]],[[128.5778,37.2689],[128.579,37.2712],[128.5723,37.2807],[128.5778,37.2689]],[[128.2642,37.6327],[128.2625,37.632],[128.2553,37.6284],[128.2539,37.6274],[128.2642,37.6327]],[[128.2808,37.6054],[128.2823,37.6046],[128.2842,37.6038],[128.28,37.6145],[128.2808,37.6054]],[[128.2852,37.5825],[128.2841,37.5798],[128.2843,37.5783],[128.2852,37.5825]],[[128.2954,37.5592],[128.2956,37.558],[128.2962,37.5572],[128.294,37.5681],[128.2909,37.5731],[128.2893,37.5747],[128.2871,37.5768],[128.2954,37.5592]],[[128.2939,37.545],[128.2943,37.544],[128.2979,37.555],[128.2939,37.545]],[[128.2996,37.5345],[128.3014,37.5368],[128.3003,37.5358],[128.2996,37.5345]],[[128.3008,37.5241],[128.302,37.5304],[128.3018,37.5319],[128.3008,37.5241]],[[128.2976,37.5132],[128.2969,37.516],[128.2964,37.517],[128.2976,37.5132]],[[128.2805,37.5031],[128.277,37.5025],[128.2787,37.5026],[128.2805,37.5031]],[[128.2768,37.5025],[128.2751,37.4988],[128.276,37.5004],[128.2768,37.5025]],[[128.2699,37.4941],[128.274,37.4978],[128.2727,37.497],[128.2699,37.4941]],[[128.268,37.4908],[128.2682,37.4921],[128.268,37.4916],[128.268,37.4908]],[[128.2449,37.4734],[128.2448,37.4757],[128.2435,37.4797],[128.2449,37.4734]],[[128.2462,37.4666],[128.2466,37.4609],[128.2467,37.4662],[128.2462,37.4666]],[[128.2449,37.4559],[128.2447,37.4545],[128.2467,37.447],[128.2449,37.4559]],[[128.2482,37.4417],[128.2486,37.4411],[128.2466,37.4468],[128.2482,37.4417]],[[128.2516,37.441],[128.249,37.4408],[128.2497,37.4408],[128.2516,37.441]],[[128.2518,37.441],[128.256,37.4398],[128.2524,37.4411],[128.2518,37.441]],[[128.2564,37.4396],[128.2565,37.4313],[128.2578,37.4381],[128.2564,37.4396]],[[128.2568,37.4247],[128.2541,37.4283],[128.255,37.4268],[128.2568,37.4247]],[[128.3248,37.6908],[128.3239,37.6904],[128.3235,37.6901],[128.3248,37.6908]],[[128.3328,37.6937],[128.3294,37.6926],[128.3305,37.6928],[128.3328,37.6937]],[[128.3837,37.6922],[128.3852,37.6918],[128.3847,37.6923],[128.3837,37.6922]],[[128.4265,37.6913],[128.4106,37.6899],[128.4155,37.688],[128.4265,37.6913]],[[128.4365,37.6957],[128.4379,37.6968],[128.4376,37.6967],[128.4365,37.6957]],[[128.4452,37.7093],[128.4447,37.7089],[128.4443,37.7068],[128.4452,37.7093]],[[128.4442,37.7061],[128.4439,37.7007],[128.4443,37.7068],[128.4442,37.7061]],[[128.4448,37.7171],[128.4459,37.7104],[128.4461,37.7125],[128.4448,37.7171]],[[128.4706,37.7323],[128.466,37.7285],[128.4682,37.7294],[128.4706,37.7323]],[[128.5245,37.7408],[128.5243,37.7306],[128.528,37.733],[128.5245,37.7408]],[[128.5252,37.7642],[128.5265,37.765],[128.5281,37.7671],[128.524,37.764],[128.5252,37.7642]],[[128.5332,37.7721],[128.5281,37.7672],[128.5332,37.771],[128.5332,37.7721]],[[128.5334,37.7789],[128.5332,37.7725],[128.538,37.7822],[128.5334,37.7789]],[[128.5438,37.8002],[128.5423,37.7923],[128.5426,37.792],[128.5438,37.8002]],[[128.2777,37.6597],[128.2747,37.6567],[128.2763,37.6578],[128.2777,37.6597]],[[128.2787,37.6634],[128.2778,37.6599],[128.2783,37.6614],[128.2787,37.6634]],[[128.2778,37.6692],[128.2791,37.6698],[128.2795,37.6704],[128.2798,37.671],[128.2799,37.6721],[128.2766,37.6689],[128.2773,37.6668],[128.2781,37.6653],[128.2788,37.664],[128.2778,37.6692]],[[128.2908,37.6816],[128.2895,37.6806],[128.2875,37.6788],[128.284,37.6746],[128.2908,37.6816]],[[128.2978,37.6876],[128.2972,37.6871],[128.2954,37.684],[128.2978,37.6876]],[[128.3019,37.6896],[128.3,37.6888],[128.3007,37.689],[128.3019,37.6896]],[[128.3126,37.7027],[128.3125,37.7032],[128.309,37.699],[128.3044,37.6912],[128.3126,37.7027]],[[128.9627,37.4423],[128.9637,37.4419],[128.9658,37.4414],[128.9709,37.4385],[128.9577,37.4465],[128.9627,37.4423]],[[128.9727,37.4361],[128.9715,37.4379],[128.9709,37.4385],[128.9727,37.4361]],[[128.9759,37.433],[128.9725,37.4345],[128.9752,37.4332],[128.9759,37.433]],[[128.9775,37.433],[128.9796,37.4337],[128.9759,37.433],[128.9775,37.433]],[[128.9906,37.432],[128.9857,37.4337],[128.9846,37.4339],[128.9821,37.434],[128.9906,37.432]],[[129.0044,37.4268],[129.0056,37.4273],[128.9998,37.4297],[129.0044,37.4268]],[[129.0076,37.4307],[129.006,37.4279],[129.0069,37.4291],[129.0076,37.4307]],[[129.0321,37.4475],[129.0292,37.447],[129.0272,37.4457],[129.0321,37.4475]],[[129.0372,37.4528],[129.0363,37.4523],[129.0362,37.4521],[129.0372,37.4528]],[[129.0464,37.456],[129.0382,37.4533],[129.0417,37.4543],[129.0464,37.456]],[[129.0538,37.457],[129.0545,37.458],[129.0506,37.456],[129.0538,37.457]],[[129.0735,37.4565],[129.0678,37.4588],[129.0608,37.4596],[129.0735,37.4565]],[[129.0987,37.4606],[129.0993,37.4603],[129.0987,37.4621],[129.0987,37.4606]],[[129.1286,37.4556],[129.1286,37.4558],[129.1286,37.456],[129.1286,37.4563],[129.1279,37.4568],[129.1286,37.4556]],[[129.148,37.4651],[129.1491,37.4649],[129.1508,37.4657],[129.1509,37.4658],[129.148,37.4651]],[[129.0244,37.5435],[129.0212,37.5395],[129.0222,37.5404],[129.0244,37.5435]],[[129.0489,37.552],[129.0498,37.5542],[129.0489,37.5559],[129.0489,37.552]],[[129.0504,37.5666],[129.0499,37.5657],[129.0488,37.562],[129.0482,37.5583],[129.0482,37.5579],[129.0484,37.5572],[129.0504,37.5666]],[[129.0516,37.5746],[129.051,37.5764],[129.0506,37.5671],[129.0516,37.5746]],[[129.0585,37.5881],[129.0579,37.5876],[129.0573,37.5867],[129.0571,37.5863],[129.0585,37.5881]],[[129.0551,37.5953],[129.0589,37.5912],[129.0587,37.5916],[129.0551,37.5953]],[[128.9665,37.5189],[128.9671,37.5194],[128.9678,37.5206],[128.9685,37.5227],[128.9687,37.53],[128.9665,37.5189]],[[128.9744,37.5034],[128.9725,37.5057],[128.9708,37.506],[128.9682,37.5059],[128.9667,37.5054],[128.9744,37.5034]],[[128.9718,37.492],[128.9725,37.4916],[128.971,37.4927],[128.9718,37.492]],[[128.986,37.493],[128.9781,37.4933],[128.9725,37.4916],[128.986,37.493]],[[128.9864,37.4814],[128.9857,37.4828],[128.9871,37.4759],[128.9864,37.4814]],[[128.9846,37.4704],[128.9813,37.4694],[128.9833,37.4699],[128.9846,37.4704]]]]}},{"type":"Feature","properties":{"code":"33","name":"충청북도","short":"충북","name_en":"Chungbuk","cx":127.657,"cy":36.635},"geometry":{"type":"MultiPolygon","coordinates":[[[[127.4513,36.4493],[127.4359,36.4564],[127.4021,36.456],[127.4041,36.4811],[127.3961,36.4917],[127.4106,36.4963],[127.409,36.5097],[127.3976,36.5206],[127.4086,36.5237],[127.405,36.5373],[127.3839,36.5415],[127.3725,36.5597],[127.3774,36.5683],[127.3381,36.5623],[127.3214,36.5838],[127.2998,36.586],[127.3065,36.6014],[127.2918,36.6256],[127.2922,36.6356],[127.2794,36.6335],[127.2757,36.6398],[127.2828,36.6423],[127.2887,36.6589],[127.3051,36.6676],[127.3075,36.6783],[127.3041,36.685],[127.2854,36.691],[127.3084,36.7048],[127.3105,36.7243],[127.3283,36.7346],[127.3376,36.7293],[127.3425,36.7338],[127.3334,36.7467],[127.3355,36.7526],[127.3685,36.7613],[127.3864,36.7593],[127.4044,36.746],[127.4204,36.7604],[127.413,36.7732],[127.3955,36.7825],[127.4008,36.7991],[127.3544,36.8295],[127.3345,36.8307],[127.3348,36.8562],[127.3073,36.8597],[127.3079,36.8854],[127.2878,36.8938],[127.3034,36.9164],[127.295,36.9307],[127.3268,36.9359],[127.3496,36.9528],[127.3757,36.9487],[127.3873,36.9645],[127.4015,36.9677],[127.385,36.9836],[127.3927,36.997],[127.4471,37.0109],[127.4584,37.0205],[127.4569,37.0422],[127.4682,37.0535],[127.4862,37.0549],[127.4998,37.0476],[127.5183,37.0584],[127.5568,37.0412],[127.5695,37.0482],[127.565,37.0606],[127.578,37.0753],[127.6047,37.0688],[127.5951,37.088],[127.6119,37.0873],[127.6345,37.0998],[127.6378,37.1412],[127.6283,37.1553],[127.6702,37.1361],[127.6886,37.1355],[127.6959,37.1399],[127.6947,37.15],[127.7043,37.1576],[127.7068,37.1703],[127.7169,37.1834],[127.7264,37.1825],[127.7353,37.2081],[127.7435,37.2146],[127.756,37.1709],[127.7895,37.1434],[127.8474,37.1529],[127.8532,37.1603],[127.8613,37.1553],[127.8721,37.1643],[127.8866,37.1611],[127.8989,37.1498],[127.9086,37.1671],[127.9246,37.1645],[127.9336,37.1758],[127.9325,37.207],[127.9217,37.2254],[127.9697,37.2557],[127.9869,37.2578],[128.0183,37.2457],[128.023,37.2256],[128.0388,37.216],[128.0283,37.2023],[128.0411,37.189],[128.1087,37.2057],[128.1253,37.2345],[128.1645,37.2135],[128.1731,37.2191],[128.1741,37.2326],[128.2078,37.2488],[128.2292,37.2276],[128.2509,37.2296],[128.2684,37.2079],[128.3166,37.2234],[128.3322,37.2139],[128.3264,37.1973],[128.3134,37.1968],[128.3105,37.1873],[128.2956,37.1833],[128.2981,37.1717],[128.2811,37.1734],[128.2644,37.1604],[128.2733,37.1476],[128.2962,37.1341],[128.3371,37.1579],[128.3515,37.1574],[128.3597,37.1502],[128.3644,37.1564],[128.3765,37.1524],[128.3841,37.158],[128.4009,37.1469],[128.4037,37.1396],[128.396,37.1286],[128.4185,37.1198],[128.4247,37.1025],[128.4352,37.1113],[128.4778,37.1102],[128.4966,37.1258],[128.5142,37.1037],[128.5312,37.1],[128.5381,37.0896],[128.5617,37.0902],[128.5918,37.0782],[128.6016,37.0831],[128.6064,37.0767],[128.6226,37.0874],[128.6282,37.0752],[128.6521,37.0654],[128.6329,37.0405],[128.6084,37.0528],[128.6068,37.0434],[128.5835,37.0437],[128.5684,37.0342],[128.5713,37.0159],[128.5547,36.9983],[128.5155,36.9868],[128.5067,36.9701],[128.4672,36.9515],[128.4604,36.934],[128.4417,36.9274],[128.4447,36.9137],[128.424,36.8765],[128.448,36.8644],[128.449,36.8478],[128.4211,36.8118],[128.3833,36.8138],[128.3641,36.8022],[128.3532,36.8124],[128.3165,36.8167],[128.2866,36.845],[128.2825,36.856],[128.2418,36.8723],[128.2347,36.8628],[128.237,36.8453],[128.2113,36.8469],[128.2154,36.812],[128.1531,36.8224],[128.1418,36.8333],[128.1336,36.8328],[128.1299,36.8251],[128.1099,36.8215],[128.1071,36.8073],[128.0901,36.7966],[128.0718,36.8146],[128.0574,36.8172],[128.055,36.7927],[128.0323,36.7476],[128.068,36.7222],[128.0704,36.7077],[128.049,36.708],[128.0148,36.7302],[128.0019,36.7173],[127.9868,36.7175],[127.9585,36.7368],[127.9495,36.7081],[127.9336,36.7065],[127.9289,36.6908],[127.8939,36.6944],[127.8743,36.682],[127.9004,36.6822],[127.913,36.6777],[127.9177,36.6679],[127.9296,36.6688],[127.9392,36.6471],[127.9324,36.6187],[127.9241,36.6155],[127.9252,36.6028],[127.92,36.6011],[127.9072,36.6258],[127.8897,36.6293],[127.8797,36.6568],[127.8613,36.6356],[127.8468,36.634],[127.8498,36.6196],[127.8583,36.6135],[127.8407,36.6083],[127.821,36.6133],[127.7985,36.6021],[127.7985,36.5864],[127.8049,36.5814],[127.8245,36.5709],[127.8604,36.568],[127.8703,36.5592],[127.8761,36.537],[127.9025,36.5281],[127.9063,36.5069],[127.8761,36.4884],[127.882,36.4618],[127.8721,36.4409],[127.873,36.4243],[127.8827,36.4222],[127.873,36.4059],[127.8639,36.403],[127.8629,36.393],[127.8757,36.3906],[127.8842,36.38],[127.8799,36.3715],[127.8913,36.3597],[127.8826,36.3459],[127.8526,36.3296],[127.8415,36.31],[127.8521,36.2739],[127.8826,36.2737],[127.9043,36.3015],[127.9081,36.2855],[127.9309,36.278],[127.9602,36.2524],[127.9706,36.2504],[127.9812,36.2636],[128.01,36.2721],[128.0474,36.2566],[128.0299,36.24],[128.0581,36.2012],[128.0386,36.1942],[128.024,36.2066],[128.0097,36.2094],[127.978,36.1981],[127.9753,36.1877],[127.9841,36.1782],[127.9826,36.1706],[127.9972,36.1555],[127.9875,36.1474],[127.9878,36.1288],[127.9668,36.1181],[127.9687,36.1031],[127.9585,36.0901],[127.9609,36.0703],[127.9363,36.0511],[127.9167,36.0543],[127.9027,36.0391],[127.8848,36.0359],[127.8768,36.0225],[127.8661,36.0243],[127.8486,36.0397],[127.7994,36.0261],[127.7876,36.0145],[127.7661,36.0122],[127.7594,36.015],[127.7616,36.0252],[127.7019,36.0353],[127.689,36.0627],[127.6698,36.0514],[127.6727,36.0416],[127.6602,36.0385],[127.6544,36.0559],[127.6173,36.0936],[127.6191,36.1089],[127.5895,36.1343],[127.6017,36.16],[127.5931,36.1774],[127.5978,36.2175],[127.5795,36.2328],[127.5453,36.2255],[127.5499,36.2384],[127.5379,36.2428],[127.5362,36.2512],[127.5181,36.2406],[127.4926,36.238],[127.486,36.2612],[127.4988,36.2828],[127.4912,36.297],[127.499,36.3057],[127.4946,36.312],[127.503,36.3256],[127.5006,36.3393],[127.5224,36.3543],[127.5249,36.3875],[127.5392,36.3979],[127.5597,36.3982],[127.5456,36.4088],[127.5423,36.4193],[127.5243,36.4234],[127.5145,36.4225],[127.5105,36.4096],[127.5016,36.4087],[127.4897,36.4341],[127.5038,36.4537],[127.4821,36.4539],[127.4775,36.4591],[127.484,36.4766],[127.475,36.4759],[127.4513,36.4493]],[[127.7096,37.1353],[127.7064,37.1371],[127.7003,37.1378],[127.7096,37.1353]],[[127.7101,37.1317],[127.7101,37.1311],[127.7107,37.1299],[127.712,37.1278],[127.7128,37.1271],[127.7146,37.1256],[127.7151,37.1257],[127.7101,37.1317]],[[127.7228,37.1153],[127.7229,37.1159],[127.7206,37.1229],[127.7228,37.1153]],[[127.6982,37.0994],[127.698,37.0982],[127.6998,37.0957],[127.6992,37.0916],[127.7019,37.103],[127.6982,37.0994]],[[127.6923,37.0831],[127.6922,37.0813],[127.6934,37.0854],[127.6923,37.0831]],[[127.6835,37.0781],[127.6831,37.077],[127.6842,37.0789],[127.6835,37.0781]],[[127.6839,37.0751],[127.6829,37.0759],[127.6833,37.0753],[127.6839,37.0751]],[[127.6907,37.0545],[127.6903,37.0563],[127.6902,37.0579],[127.6903,37.0594],[127.6902,37.0603],[127.6888,37.0657],[127.6848,37.0746],[127.6907,37.0545]],[[127.6758,37.0434],[127.6738,37.041],[127.6773,37.0442],[127.6758,37.0434]],[[127.672,37.0402],[127.6718,37.0397],[127.6716,37.0373],[127.6719,37.0355],[127.6719,37.0351],[127.672,37.0347],[127.672,37.0402]],[[127.6675,37.0332],[127.6666,37.0326],[127.665,37.0312],[127.6675,37.0332]],[[127.6567,37.0129],[127.6573,37.0117],[127.6594,37.0087],[127.6567,37.0129]],[[127.6641,37.0044],[127.6645,37.0044],[127.6643,37.0045],[127.6641,37.0044]],[[127.6593,37.0035],[127.6591,37.0035],[127.658,37.0031],[127.6566,37.0023],[127.6593,37.0035]],[[127.6526,36.9917],[127.6526,36.9892],[127.6527,36.9882],[127.6536,36.9872],[127.6526,36.9917]],[[127.6556,36.9801],[127.658,36.9788],[127.6532,36.982],[127.6521,36.9825],[127.6556,36.9801]],[[127.6679,36.984],[127.6668,36.9841],[127.6667,36.9841],[127.6679,36.984]],[[127.6701,36.9878],[127.6705,36.9876],[127.6703,36.9878],[127.6701,36.9878]],[[127.6922,36.9792],[127.6916,36.9793],[127.6918,36.9792],[127.6922,36.9792]],[[127.7222,36.9592],[127.7228,36.9593],[127.7225,36.9594],[127.7222,36.9592]],[[127.7393,36.9524],[127.7409,36.9525],[127.7412,36.9525],[127.7446,36.9541],[127.7393,36.9524]],[[127.7544,36.9549],[127.7567,36.9535],[127.7529,36.9579],[127.7544,36.9549]],[[127.7624,36.9441],[127.7638,36.9463],[127.7629,36.9479],[127.7624,36.9441]],[[127.7664,36.9401],[127.7681,36.9386],[127.7666,36.9401],[127.7664,36.9401]],[[127.331,36.7214],[127.3383,36.7191],[127.3392,36.719],[127.331,36.7214]],[[127.3462,36.7188],[127.3397,36.7189],[127.3412,36.7187],[127.3462,36.7188]],[[127.3617,36.7173],[127.3494,36.7185],[127.3522,36.718],[127.3617,36.7173]],[[127.3777,36.713],[127.3778,36.713],[127.3785,36.7133],[127.3777,36.713]],[[127.3802,36.7141],[127.3803,36.7142],[127.3809,36.7145],[127.3809,36.7146],[127.3812,36.7148],[127.3813,36.7149],[127.3814,36.715],[127.3814,36.7151],[127.3786,36.7133],[127.3802,36.7141]],[[127.3936,36.7176],[127.3911,36.7178],[127.3886,36.7179],[127.3936,36.7176]],[[127.3969,36.716],[127.3947,36.7173],[127.3938,36.7175],[127.3969,36.716]],[[127.4349,36.6841],[127.4332,36.6847],[127.4316,36.6846],[127.4349,36.6841]],[[127.4361,36.6836],[127.437,36.6835],[127.4379,36.6837],[127.4361,36.6836]],[[127.4735,36.6427],[127.4737,36.6427],[127.4819,36.6465],[127.4735,36.6427]],[[127.3875,36.5794],[127.3874,36.5789],[127.3875,36.5792],[127.3875,36.5794]],[[127.4085,36.6021],[127.4116,36.6049],[127.4017,36.5965],[127.4085,36.6021]],[[127.4148,36.6067],[127.4152,36.6068],[127.4148,36.6068],[127.4148,36.6067]],[[127.4166,36.6033],[127.417,36.603],[127.4174,36.6028],[127.4156,36.6049],[127.4166,36.6033]],[[127.4196,36.5991],[127.4196,36.5992],[127.4179,36.6028],[127.4196,36.5991]],[[127.4195,36.5966],[127.4195,36.5986],[127.4193,36.5981],[127.4195,36.5966]],[[127.4301,36.5994],[127.4277,36.5995],[127.4211,36.5968],[127.4301,36.5994]],[[127.4384,36.6116],[127.4398,36.6123],[127.4401,36.6124],[127.4406,36.6128],[127.4384,36.6116]],[[127.4448,36.6165],[127.4423,36.6143],[127.4448,36.6164],[127.4448,36.6165]],[[127.4509,36.6307],[127.4562,36.6332],[127.4531,36.6326],[127.4509,36.6307]],[[127.4669,36.6378],[127.4668,36.6378],[127.4654,36.6378],[127.4636,36.6382],[127.4617,36.6394],[127.4563,36.6343],[127.4669,36.6378]],[[127.6089,36.1854],[127.6083,36.1857],[127.5999,36.1847],[127.6089,36.1854]],[[127.6246,36.1804],[127.6239,36.181],[127.6208,36.1818],[127.6187,36.1817],[127.6246,36.1804]],[[127.6147,36.1834],[127.6137,36.1835],[127.6187,36.1817],[127.6147,36.1834]],[[127.6517,36.1718],[127.6467,36.1712],[127.6497,36.1707],[127.6517,36.1718]],[[127.655,36.1775],[127.652,36.172],[127.6546,36.1762],[127.655,36.1775]],[[127.6511,36.1825],[127.6507,36.1829],[127.655,36.1776],[127.6511,36.1825]],[[127.6506,36.183],[127.65,36.1852],[127.6502,36.1841],[127.6506,36.183]],[[127.6538,36.1888],[127.654,36.1895],[127.65,36.1853],[127.6538,36.1888]],[[127.6527,36.1991],[127.6485,36.2071],[127.6541,36.1896],[127.6527,36.1991]],[[127.6523,36.2179],[127.6501,36.2213],[127.6503,36.2128],[127.6523,36.2179]],[[127.6548,36.2274],[127.6561,36.2293],[127.6554,36.2285],[127.6548,36.2274]],[[127.6636,36.2233],[127.6629,36.2237],[127.6633,36.2234],[127.6636,36.2233]],[[127.6832,36.2299],[127.6863,36.235],[127.6847,36.2331],[127.6832,36.2299]],[[127.6936,36.2495],[127.6879,36.2355],[127.6913,36.2386],[127.6936,36.2495]],[[127.6984,36.2539],[127.6994,36.2564],[127.6994,36.2575],[127.6984,36.2539]],[[127.7058,36.2622],[127.7028,36.2609],[127.7046,36.2612],[127.7058,36.2622]],[[127.7061,36.2623],[127.7098,36.2633],[127.7066,36.2627],[127.7061,36.2623]],[[127.7133,36.2649],[127.7127,36.2672],[127.7121,36.266],[127.7133,36.2649]],[[127.7616,36.2718],[127.7617,36.2719],[127.7618,36.2725],[127.7626,36.2757],[127.7568,36.2685],[127.7616,36.2718]],[[127.7624,36.2762],[127.7637,36.2832],[127.7616,36.2789],[127.7624,36.2762]],[[127.7743,36.2917],[127.7702,36.2903],[127.7697,36.2899],[127.7743,36.2917]],[[127.795,36.2968],[127.7946,36.2907],[127.7948,36.2912],[127.795,36.2968]],[[127.8112,36.3086],[127.8095,36.3089],[127.8069,36.307],[127.8112,36.3086]],[[127.8154,36.3093],[127.8119,36.3085],[127.8135,36.3083],[127.8154,36.3093]],[[127.8405,36.3157],[127.8364,36.3135],[127.8353,36.3127],[127.8405,36.3157]],[[127.8216,36.9434],[127.8262,36.9408],[127.8241,36.9428],[127.8216,36.9434]],[[127.827,36.9406],[127.8318,36.9354],[127.828,36.9404],[127.827,36.9406]],[[127.8377,36.9301],[127.8431,36.9267],[127.8399,36.93],[127.8377,36.9301]],[[127.843,36.9263],[127.84,36.9199],[127.8418,36.9233],[127.843,36.9263]],[[127.8421,36.9174],[127.8421,36.9178],[127.8418,36.9181],[127.8421,36.9174]],[[127.8392,36.9126],[127.8411,36.9114],[127.8384,36.9145],[127.8392,36.9126]],[[127.8463,36.9092],[127.8422,36.9109],[127.8461,36.9092],[127.8463,36.9092]],[[127.8599,36.8998],[127.864,36.8962],[127.8648,36.8965],[127.8583,36.9049],[127.8575,36.9056],[127.8569,36.906],[127.855,36.9072],[127.8509,36.909],[127.8491,36.9092],[127.8599,36.8998]],[[127.8722,36.8956],[127.8702,36.8966],[127.8693,36.8969],[127.869,36.8969],[127.8679,36.8971],[127.8722,36.8956]],[[127.9036,36.8893],[127.9036,36.8905],[127.9035,36.8916],[127.9032,36.8936],[127.9007,36.8974],[127.9036,36.8893]],[[127.9141,36.8848],[127.9139,36.8851],[127.9097,36.8864],[127.9141,36.8848]],[[127.9198,36.8813],[127.9216,36.8818],[127.9229,36.8823],[127.9243,36.8829],[127.9267,36.8845],[127.9198,36.8813]],[[127.9516,36.8858],[127.9512,36.8863],[127.9492,36.8872],[127.9516,36.8858]],[[127.9486,36.8812],[127.9479,36.8775],[127.9494,36.8829],[127.9486,36.8812]],[[127.947,36.8725],[127.9451,36.8749],[127.9455,36.8735],[127.947,36.8725]],[[127.9627,36.8616],[127.9634,36.8612],[127.9694,36.8593],[127.9499,36.8723],[127.9627,36.8616]],[[127.9681,36.8574],[127.967,36.8511],[127.9693,36.8593],[127.9681,36.8574]],[[127.9722,36.8432],[127.9682,36.8495],[127.9669,36.8509],[127.9722,36.8432]],[[127.9734,36.8424],[127.9743,36.8421],[127.9722,36.8432],[127.9734,36.8424]],[[127.9717,36.8264],[127.9724,36.8255],[127.973,36.8251],[127.9737,36.8248],[127.976,36.8237],[127.9769,36.8235],[127.9781,36.8235],[127.9717,36.8264]],[[127.994,36.8127],[127.9954,36.8129],[127.9926,36.8127],[127.994,36.8127]],[[127.9831,36.8179],[127.9824,36.822],[127.9818,36.8234],[127.9824,36.816],[127.9831,36.8179]],[[128.0106,36.8071],[128.0116,36.8068],[128.0069,36.8089],[128.0024,36.8104],[128.0106,36.8071]],[[128.0302,36.8253],[128.0359,36.8248],[128.024,36.826],[128.0302,36.8253]],[[128.0522,36.8188],[128.0525,36.8187],[128.0534,36.8188],[128.0515,36.819],[128.0522,36.8188]],[[128.0498,36.8207],[128.049,36.8215],[128.0476,36.8221],[128.0505,36.8197],[128.0498,36.8207]],[[127.797,36.9469],[127.8004,36.9475],[127.7998,36.9475],[127.797,36.9469]],[[127.8073,36.9442],[127.8013,36.9473],[127.8072,36.9416],[127.8073,36.9442]],[[127.937,37.1639],[127.9338,37.1634],[127.9347,37.1633],[127.937,37.1639]],[[128.0123,37.1033],[128.0125,37.1049],[128.0119,37.1063],[128.0123,37.1033]],[[128.0179,37.1142],[128.0188,37.1161],[128.0167,37.1127],[128.0179,37.1142]],[[128.0446,37.1157],[128.0378,37.1119],[128.0397,37.1125],[128.0446,37.1157]],[[128.0845,37.0623],[128.0842,37.0619],[128.083,37.0599],[128.0845,37.0623]],[[128.065,36.9574],[128.0644,36.958],[128.0631,36.9588],[128.0612,36.9596],[128.0668,36.955],[128.0733,36.951],[128.0751,36.9501],[128.065,36.9574]],[[128.0409,36.9544],[128.0483,36.9557],[128.0595,36.9602],[128.0409,36.9544]],[[128.0723,36.911],[128.0723,36.9114],[128.0699,36.9115],[128.0723,36.911]],[[128.0586,36.8839],[128.0579,36.8835],[128.0567,36.8833],[128.0554,36.8826],[128.0532,36.879],[128.0586,36.8839]],[[128.0503,36.8718],[128.0506,36.872],[128.0479,36.8713],[128.0503,36.8718]],[[128.0816,36.8493],[128.0798,36.849],[128.0786,36.8486],[128.084,36.8495],[128.0816,36.8493]],[[128.0856,36.8504],[128.0891,36.8505],[128.0871,36.8515],[128.0856,36.8504]]]]}},{"type":"Feature","properties":{"code":"34","name":"충청남도","short":"충남","name_en":"Chungnam","cx":126.871,"cy":36.522},"geometry":{"type":"MultiPolygon","coordinates":[[[[126.078,36.2261],[126.0772,36.2207],[126.0673,36.2233],[126.0749,36.2344],[126.0848,36.2308],[126.0898,36.2378],[126.0965,36.2262],[126.078,36.2261]]],[[[126.1481,36.6862],[126.1517,36.6775],[126.1313,36.6687],[126.1351,36.6853],[126.1263,36.6766],[126.1238,36.6791],[126.1314,36.6876],[126.1348,36.6881],[126.1481,36.6862]]],[[[126.0877,36.6801],[126.081,36.6725],[126.0489,36.67],[126.0619,36.6801],[126.083,36.684],[126.0844,36.6918],[126.0877,36.6801]]],[[[126.3708,36.3352],[126.362,36.3261],[126.3398,36.329],[126.3524,36.3552],[126.3616,36.3517],[126.3609,36.3439],[126.3708,36.3352]]],[[[126.1196,36.7085],[126.1341,36.7485],[126.1221,36.7531],[126.1219,36.7645],[126.1132,36.7691],[126.1116,36.7728],[126.1164,36.7693],[126.1312,36.7743],[126.1287,36.7781],[126.1353,36.7755],[126.1307,36.7871],[126.1387,36.7836],[126.1458,36.7911],[126.1425,36.7956],[126.1497,36.8036],[126.143,36.8087],[126.154,36.8109],[126.1494,36.817],[126.1558,36.8165],[126.1607,36.8264],[126.1455,36.8377],[126.1549,36.838],[126.1499,36.8463],[126.1556,36.8434],[126.1586,36.8486],[126.1604,36.8417],[126.1711,36.8407],[126.1663,36.8306],[126.1745,36.8247],[126.1719,36.8117],[126.1857,36.8145],[126.1817,36.8198],[126.1872,36.8277],[126.1754,36.8324],[126.1985,36.8557],[126.1903,36.8674],[126.1838,36.867],[126.1916,36.8771],[126.1782,36.886],[126.1975,36.8886],[126.2028,36.9049],[126.2123,36.8995],[126.2478,36.914],[126.2765,36.8978],[126.2925,36.9011],[126.2842,36.9071],[126.2942,36.9293],[126.2847,36.9633],[126.286,36.9695],[126.3047,36.9785],[126.3039,36.9677],[126.292,36.9629],[126.3102,36.9562],[126.3017,36.9424],[126.3096,36.9296],[126.3003,36.9193],[126.3193,36.9033],[126.3194,36.892],[126.3307,36.8911],[126.3132,36.8835],[126.3042,36.8596],[126.2956,36.8528],[126.2946,36.842],[126.317,36.8374],[126.2956,36.8244],[126.2828,36.8251],[126.2808,36.8178],[126.289,36.8137],[126.2873,36.7995],[126.2932,36.7982],[126.3048,36.8147],[126.3184,36.8141],[126.3224,36.8198],[126.3374,36.8162],[126.3178,36.8431],[126.3325,36.8635],[126.3477,36.8608],[126.3432,36.8463],[126.3651,36.8295],[126.3583,36.8491],[126.3704,36.8576],[126.3719,36.868],[126.3645,36.8765],[126.3977,36.8806],[126.396,36.8929],[126.4054,36.8911],[126.407,36.9017],[126.4135,36.8936],[126.4321,36.9027],[126.4107,36.9082],[126.4121,36.914],[126.4047,36.9192],[126.4178,36.9234],[126.4189,36.9374],[126.4162,36.9313],[126.396,36.9355],[126.389,36.9268],[126.3803,36.9453],[126.3682,36.947],[126.3597,36.9388],[126.362,36.9497],[126.351,36.9525],[126.3502,36.9614],[126.3331,36.9611],[126.3348,36.9736],[126.3435,36.9667],[126.3635,36.9683],[126.3704,36.9603],[126.3769,36.9685],[126.3887,36.9698],[126.376,36.974],[126.3798,36.9801],[126.3746,36.9826],[126.3652,36.979],[126.3308,36.9853],[126.3276,36.9996],[126.337,36.9985],[126.359,37.0122],[126.3615,37.0065],[126.4177,37.0122],[126.4175,37.0173],[126.4208,37.0198],[126.4183,37.015],[126.4521,37.0068],[126.4544,36.999],[126.4633,37.0034],[126.4704,37.0083],[126.4602,37.0201],[126.4983,37.0649],[126.5191,37.0594],[126.5275,37.0436],[126.5419,37.0351],[126.5612,37.037],[126.5624,37.0289],[126.6331,37.0017],[126.7047,36.9994],[126.7808,36.9762],[126.7925,36.9355],[126.8025,36.9246],[126.8064,36.9313],[126.812,36.9256],[126.8173,36.8965],[126.8268,36.8885],[126.8619,36.8801],[126.9059,36.8887],[126.9167,36.9062],[126.9952,36.9354],[127.0156,36.9354],[127.031,36.9281],[127.0655,36.9419],[127.0748,36.9359],[127.0862,36.9477],[127.0958,36.9424],[127.103,36.9532],[127.0965,36.9593],[127.1115,36.9713],[127.1297,36.9664],[127.1592,36.9698],[127.1554,36.9644],[127.1777,36.9627],[127.1805,36.9567],[127.2021,36.9517],[127.2105,36.9305],[127.244,36.9176],[127.2531,36.9224],[127.2735,36.9115],[127.2896,36.8913],[127.3079,36.8854],[127.3073,36.8597],[127.3348,36.8562],[127.3345,36.8307],[127.3544,36.8295],[127.4008,36.7991],[127.3955,36.7825],[127.413,36.7732],[127.4204,36.7608],[127.4044,36.746],[127.3864,36.7593],[127.3685,36.7613],[127.3355,36.7526],[127.3334,36.7467],[127.3425,36.7338],[127.3376,36.7293],[127.3283,36.7346],[127.3105,36.7243],[127.3084,36.7048],[127.2853,36.6906],[127.2457,36.6959],[127.2364,36.7075],[127.2031,36.7261],[127.1647,36.7338],[127.1278,36.7088],[127.1361,36.705],[127.1417,36.69],[127.1562,36.6908],[127.1571,36.6957],[127.1614,36.6902],[127.1641,36.6785],[127.1549,36.6643],[127.1606,36.6561],[127.1532,36.6452],[127.1605,36.6245],[127.1501,36.619],[127.1559,36.606],[127.1843,36.5912],[127.1914,36.5939],[127.193,36.5808],[127.2078,36.578],[127.1868,36.5529],[127.1918,36.546],[127.1742,36.5422],[127.173,36.5335],[127.1823,36.5214],[127.17,36.509],[127.1776,36.5024],[127.1732,36.4974],[127.1771,36.4926],[127.1947,36.4896],[127.192,36.4747],[127.2047,36.4593],[127.1984,36.4522],[127.1989,36.4399],[127.2177,36.4337],[127.2269,36.4212],[127.2423,36.4186],[127.2508,36.4068],[127.2626,36.4167],[127.2821,36.415],[127.281,36.3749],[127.2706,36.3609],[127.2791,36.3448],[127.2686,36.341],[127.2681,36.3314],[127.2598,36.3272],[127.2598,36.2957],[127.2467,36.291],[127.2588,36.2761],[127.2918,36.2647],[127.2794,36.2524],[127.2818,36.2358],[127.2973,36.2215],[127.3032,36.2226],[127.3036,36.2297],[127.3153,36.2213],[127.323,36.2037],[127.3336,36.2007],[127.334,36.1831],[127.3495,36.208],[127.3642,36.2189],[127.3602,36.2622],[127.3725,36.2722],[127.3903,36.2623],[127.3873,36.2342],[127.3993,36.2325],[127.4106,36.2176],[127.408,36.2129],[127.4411,36.1948],[127.4556,36.2008],[127.4542,36.207],[127.4691,36.2148],[127.4673,36.2223],[127.4779,36.2297],[127.4926,36.238],[127.5181,36.2406],[127.5326,36.2509],[127.5494,36.2393],[127.5453,36.2255],[127.5703,36.2335],[127.5836,36.2313],[127.5978,36.2175],[127.5997,36.2051],[127.5925,36.1953],[127.5977,36.1849],[127.5931,36.1774],[127.6017,36.16],[127.5895,36.1343],[127.6191,36.1089],[127.6173,36.0936],[127.6329,36.0814],[127.638,36.0667],[127.6206,36.0642],[127.6185,36.0419],[127.6305,36.0422],[127.6397,36.0323],[127.6107,36.0253],[127.6187,36.008],[127.6127,36.0004],[127.5898,36.026],[127.5745,36.0233],[127.5663,36.0312],[127.5314,36.0408],[127.5399,36.0119],[127.5321,36.008],[127.5336,35.992],[127.5089,35.9798],[127.4993,35.9874],[127.4877,35.9783],[127.4684,35.9881],[127.4567,35.9833],[127.445,36.0066],[127.4372,36.0093],[127.4346,36.0295],[127.4012,36.0087],[127.3765,36.0229],[127.3736,36.0411],[127.3604,36.0545],[127.3643,36.0658],[127.357,36.0815],[127.3601,36.0894],[127.3477,36.0983],[127.3549,36.1083],[127.3385,36.1305],[127.3228,36.1306],[127.3153,36.1191],[127.3017,36.1252],[127.2939,36.1131],[127.2745,36.1074],[127.2521,36.1131],[127.2456,36.101],[127.2547,36.0874],[127.2487,36.0831],[127.2287,36.0981],[127.2059,36.1006],[127.198,36.0858],[127.1824,36.0947],[127.1688,36.084],[127.1396,36.0879],[127.1321,36.0669],[127.1227,36.0636],[127.102,36.0758],[127.0904,36.0718],[127.0611,36.089],[127.057,36.1151],[127.063,36.1252],[127.0453,36.1353],[127.0448,36.1461],[127.0397,36.1383],[127.0241,36.1365],[127.0154,36.1488],[126.9808,36.148],[126.9566,36.1566],[126.9197,36.1363],[126.8978,36.1427],[126.8878,36.138],[126.8738,36.1104],[126.8708,36.0674],[126.8655,36.0609],[126.8211,36.0499],[126.8058,36.0344],[126.748,36.0258],[126.7365,36.0004],[126.6765,36.0092],[126.6662,36.0048],[126.6617,36.0289],[126.6687,36.0312],[126.6446,36.0568],[126.6312,36.0547],[126.6307,36.0773],[126.6189,36.0775],[126.6242,36.0845],[126.6326,36.0816],[126.6467,36.0884],[126.6447,36.0939],[126.6307,36.0915],[126.6317,36.0993],[126.62,36.1023],[126.6117,36.0955],[126.5932,36.1268],[126.57,36.1403],[126.556,36.1284],[126.5445,36.1446],[126.5196,36.1523],[126.507,36.1503],[126.5011,36.1413],[126.504,36.1293],[126.5088,36.1294],[126.5026,36.1287],[126.493,36.1366],[126.4928,36.1587],[126.5189,36.1601],[126.5262,36.1694],[126.5249,36.1873],[126.5577,36.1911],[126.564,36.1919],[126.5651,36.1921],[126.5251,36.1875],[126.5378,36.2015],[126.529,36.2383],[126.5481,36.2657],[126.5405,36.2779],[126.5347,36.2766],[126.5374,36.2824],[126.5282,36.2971],[126.5169,36.299],[126.5043,36.3298],[126.5151,36.3275],[126.5162,36.3323],[126.5201,36.3354],[126.5433,36.3389],[126.5599,36.353],[126.5458,36.355],[126.5097,36.3811],[126.5011,36.3799],[126.5015,36.3829],[126.5076,36.3836],[126.508,36.3865],[126.4798,36.3848],[126.4894,36.415],[126.5002,36.4218],[126.4952,36.4257],[126.5316,36.441],[126.5256,36.4458],[126.4966,36.4339],[126.5002,36.4449],[126.4867,36.4548],[126.49,36.4684],[126.4811,36.4776],[126.4793,36.4916],[126.4821,36.5161],[126.4881,36.5265],[126.4747,36.5383],[126.4663,36.5348],[126.4644,36.5484],[126.4714,36.5596],[126.4627,36.5858],[126.4553,36.5954],[126.4234,36.6061],[126.4109,36.6036],[126.4142,36.615],[126.3733,36.6202],[126.3741,36.6257],[126.3657,36.6269],[126.3537,36.6187],[126.3354,36.6187],[126.314,36.5884],[126.3069,36.5954],[126.2922,36.5848],[126.2831,36.5939],[126.2888,36.6023],[126.2831,36.6222],[126.2888,36.6151],[126.2978,36.6204],[126.301,36.6384],[126.2843,36.6717],[126.2655,36.6716],[126.2613,36.6939],[126.2731,36.7035],[126.2706,36.7268],[126.2794,36.7299],[126.2699,36.7302],[126.2515,36.7137],[126.235,36.7181],[126.2391,36.7029],[126.2306,36.695],[126.2092,36.6931],[126.1962,36.6743],[126.1525,36.6795],[126.1468,36.7028],[126.1632,36.708],[126.1598,36.711],[126.1672,36.7172],[126.1993,36.7054],[126.2177,36.7108],[126.2234,36.7198],[126.215,36.7273],[126.2043,36.7217],[126.2022,36.7213],[126.1992,36.7216],[126.2099,36.7309],[126.2114,36.7411],[126.1963,36.7383],[126.1825,36.7465],[126.185,36.7533],[126.1724,36.7573],[126.1408,36.7541],[126.1499,36.748],[126.1521,36.7362],[126.1196,36.7085]],[[126.4634,37.0032],[126.4635,37.0031],[126.4633,37.0034],[126.4634,37.0032]],[[126.4638,37.0026],[126.4808,36.9785],[126.4635,37.0031],[126.4638,37.0026]],[[126.4852,36.9601],[126.4902,36.943],[126.4808,36.9785],[126.4852,36.9601]],[[126.5777,36.179],[126.5781,36.1788],[126.5801,36.1776],[126.571,36.1887],[126.5777,36.179]],[[126.584,36.1766],[126.589,36.1755],[126.5942,36.1745],[126.5981,36.175],[126.5994,36.1754],[126.5801,36.1776],[126.584,36.1766]],[[126.3494,36.7804],[126.3491,36.78],[126.3526,36.7828],[126.3551,36.7881],[126.3494,36.7804]],[[126.3492,36.7646],[126.3491,36.7637],[126.3482,36.7607],[126.3478,36.7588],[126.3505,36.7671],[126.3492,36.7646]],[[126.3455,36.753],[126.3475,36.7562],[126.3461,36.7549],[126.3455,36.753]],[[126.3454,36.7103],[126.3468,36.7145],[126.3452,36.7126],[126.3454,36.7103]],[[126.6143,36.1723],[126.6016,36.175],[126.6045,36.1736],[126.6143,36.1723]],[[126.623,36.1733],[126.6233,36.1731],[126.6268,36.1731],[126.6289,36.1734],[126.623,36.1733]],[[126.6441,36.178],[126.6485,36.1792],[126.6526,36.1809],[126.6432,36.1782],[126.6402,36.1765],[126.6441,36.178]],[[126.6566,36.1812],[126.6578,36.1806],[126.6579,36.1806],[126.658,36.1809],[126.6566,36.1812]],[[126.6598,36.1781],[126.6588,36.1778],[126.6589,36.1778],[126.6598,36.1781]],[[126.6666,36.1762],[126.6651,36.1771],[126.6608,36.1782],[126.6666,36.1762]],[[126.6878,36.1888],[126.6855,36.189],[126.6851,36.1887],[126.6878,36.1888]],[[126.71,36.2123],[126.7037,36.2088],[126.7057,36.2097],[126.71,36.2123]],[[126.7182,36.2345],[126.7262,36.2376],[126.7182,36.2346],[126.7182,36.2345]],[[126.7294,36.2376],[126.7294,36.2377],[126.7287,36.2377],[126.7294,36.2376]],[[126.7184,36.2568],[126.7185,36.2574],[126.7184,36.2569],[126.7184,36.2568]],[[126.7053,36.3666],[126.7212,36.3706],[126.7102,36.3686],[126.7053,36.3666]],[[126.5405,36.504],[126.5631,36.5059],[126.5591,36.5243],[126.5605,36.5109],[126.5532,36.5065],[126.5022,36.5319],[126.4835,36.5169],[126.4843,36.51],[126.4914,36.5084],[126.4994,36.5229],[126.5187,36.5204],[126.5405,36.504]],[[126.5776,36.5047],[126.5802,36.5052],[126.5893,36.5086],[126.5776,36.5047]],[[126.5938,36.5018],[126.594,36.5016],[126.5945,36.5013],[126.5956,36.5009],[126.5938,36.5018]],[[126.5874,36.4753],[126.5614,36.484],[126.5352,36.4568],[126.527,36.4564],[126.5262,36.4473],[126.5332,36.4404],[126.5386,36.4492],[126.549,36.45],[126.5499,36.4655],[126.5558,36.4676],[126.5526,36.4528],[126.5655,36.4521],[126.5684,36.4719],[126.6028,36.4733],[126.6112,36.4795],[126.616,36.4866],[126.6186,36.495],[126.5999,36.4771],[126.5874,36.4753]],[[126.617,36.4825],[126.6169,36.4822],[126.62,36.4797],[126.617,36.4825]],[[126.6477,36.466],[126.6464,36.4665],[126.6452,36.4667],[126.6439,36.4666],[126.6384,36.4653],[126.6477,36.466]],[[126.6491,36.4663],[126.6529,36.4674],[126.6477,36.466],[126.6491,36.4663]],[[126.6768,36.4508],[126.6773,36.4504],[126.6751,36.4549],[126.6768,36.4508]],[[126.7045,36.4048],[126.7042,36.4048],[126.7044,36.4047],[126.7045,36.4048]],[[126.7092,36.3998],[126.7095,36.4004],[126.7092,36.3999],[126.7092,36.3998]],[[126.5204,36.3353],[126.5163,36.3322],[126.525,36.3331],[126.5204,36.3353]],[[126.7159,36.8015],[126.7194,36.7996],[126.7217,36.7988],[126.7159,36.8015]],[[126.7372,36.7843],[126.7375,36.7815],[126.7386,36.7804],[126.7372,36.7843]],[[126.7495,36.7664],[126.7468,36.7675],[126.7474,36.7669],[126.7495,36.7664]],[[126.769,36.7537],[126.7701,36.7526],[126.7678,36.7564],[126.769,36.7537]],[[126.7835,36.7611],[126.7861,36.7629],[126.7836,36.7612],[126.7835,36.7611]],[[126.7991,36.7661],[126.7942,36.7677],[126.7933,36.7672],[126.793,36.7669],[126.7991,36.7661]],[[126.8226,36.7795],[126.8218,36.7803],[126.8209,36.7797],[126.8226,36.7795]],[[126.8199,36.7853],[126.8187,36.7854],[126.8192,36.7849],[126.8199,36.7853]],[[126.8381,36.7878],[126.8461,36.7889],[126.8427,36.7888],[126.8381,36.7878]],[[126.8568,36.7898],[126.8561,36.7893],[126.8565,36.7894],[126.8568,36.7898]],[[126.859,36.7944],[126.859,36.7938],[126.8591,36.794],[126.859,36.7944]],[[126.8476,36.8177],[126.8491,36.8148],[126.8483,36.8169],[126.8476,36.8177]],[[127.0833,36.9269],[127.0788,36.9327],[127.0805,36.93],[127.0833,36.9269]],[[127.0866,36.9246],[127.0864,36.9246],[127.0893,36.919],[127.0866,36.9246]],[[127.0894,36.8998],[127.0904,36.8971],[127.0908,36.8963],[127.0874,36.9073],[127.0894,36.8998]],[[127.0905,36.891],[127.0917,36.8922],[127.0899,36.8909],[127.0905,36.891]],[[127.0895,36.8908],[127.0886,36.8904],[127.0883,36.8887],[127.0895,36.8908]],[[127.09,36.886],[127.0908,36.8835],[127.0905,36.8848],[127.09,36.886]],[[127.0863,36.8758],[127.0865,36.8754],[127.0869,36.8751],[127.0863,36.8758]],[[127.0883,36.8654],[127.0878,36.8646],[127.0873,36.8622],[127.0883,36.8654]],[[127.0956,36.8621],[127.1005,36.8618],[127.0992,36.8621],[127.0956,36.8621]],[[127.1099,36.8572],[127.108,36.8592],[127.1098,36.8562],[127.1099,36.8572]],[[127.1019,36.8441],[127.1045,36.8451],[127.11,36.8557],[127.1019,36.8441]],[[127.1018,36.8441],[127.0992,36.8413],[127.0982,36.8387],[127.1018,36.8441]],[[127.0966,36.815],[127.0966,36.8145],[127.0982,36.8122],[127.1042,36.8352],[127.0966,36.815]],[[127.098,36.8069],[127.0985,36.8105],[127.0984,36.8119],[127.098,36.8069]],[[127.0967,36.8014],[127.0963,36.805],[127.0961,36.804],[127.0967,36.8014]],[[127.1108,36.7914],[127.1107,36.7961],[127.1103,36.793],[127.1108,36.7914]],[[127.1126,36.7886],[127.1109,36.7911],[127.1114,36.79],[127.1126,36.7886]],[[127.1292,36.7952],[127.1279,36.7941],[127.1281,36.7942],[127.1292,36.7952]],[[127.1348,36.796],[127.1343,36.7961],[127.1337,36.7962],[127.1294,36.7954],[127.1348,36.796]],[[127.1309,36.8178],[127.1368,36.8127],[127.133,36.8161],[127.1309,36.8178]],[[127.1416,36.8077],[127.1432,36.8049],[127.1426,36.8062],[127.1416,36.8077]],[[127.1791,36.8418],[127.1729,36.8452],[127.1746,36.8431],[127.1791,36.8418]],[[127.2031,36.8524],[127.1983,36.8533],[127.2004,36.8526],[127.2031,36.8524]],[[127.2038,36.8529],[127.2084,36.8512],[127.2061,36.8526],[127.2038,36.8529]],[[127.2209,36.8494],[127.2205,36.8494],[127.2143,36.8482],[127.2209,36.8494]],[[127.2258,36.8504],[127.2232,36.849],[127.2238,36.8492],[127.2258,36.8504]],[[127.2495,36.8751],[127.2499,36.8761],[127.2495,36.8754],[127.2495,36.8751]],[[127.2607,36.8786],[127.2615,36.8794],[127.2595,36.878],[127.2607,36.8786]],[[127.2564,36.8793],[127.2545,36.8796],[127.2595,36.878],[127.2564,36.8793]],[[127.284,36.8884],[127.2807,36.8886],[127.2814,36.8878],[127.284,36.8884]],[[127.2847,36.8885],[127.2857,36.8888],[127.2882,36.8901],[127.2847,36.8885]],[[126.4741,36.8809],[126.4889,36.934],[126.4772,36.904],[126.4741,36.8809]],[[126.4835,36.8758],[126.4798,36.8784],[126.4749,36.8806],[126.4835,36.8758]],[[126.5098,36.8644],[126.5095,36.8627],[126.51,36.8576],[126.5101,36.8658],[126.5098,36.8644]],[[126.5143,36.8521],[126.5149,36.8509],[126.5153,36.8512],[126.5143,36.8521]],[[126.5133,36.8499],[126.5117,36.8495],[126.511,36.8489],[126.5133,36.8499]],[[126.5152,36.8411],[126.5153,36.8415],[126.5154,36.8417],[126.511,36.8469],[126.5151,36.8409],[126.5152,36.8411]],[[126.5216,36.8359],[126.5184,36.8363],[126.523,36.8349],[126.5216,36.8359]],[[126.5237,36.8331],[126.5235,36.8323],[126.5258,36.8283],[126.5261,36.8267],[126.529,36.8259],[126.5237,36.8331]],[[126.5379,36.8276],[126.5366,36.8277],[126.5437,36.8253],[126.5379,36.8276]],[[126.5486,36.8254],[126.5514,36.825],[126.5501,36.8254],[126.5486,36.8254]],[[126.5616,36.827],[126.5588,36.8269],[126.5604,36.8269],[126.5616,36.827]],[[126.5705,36.8273],[126.5706,36.827],[126.5747,36.8252],[126.5705,36.8273]],[[126.5762,36.8256],[126.5782,36.8264],[126.5747,36.8252],[126.5762,36.8256]],[[126.5918,36.8381],[126.5917,36.8381],[126.5916,36.8381],[126.5925,36.8348],[126.5918,36.8381]],[[126.5971,36.8304],[126.5951,36.8322],[126.5969,36.8305],[126.5971,36.8304]],[[126.5988,36.8304],[126.5992,36.8291],[126.5989,36.8302],[126.5988,36.8304]],[[126.6019,36.8168],[126.6022,36.8167],[126.5987,36.8213],[126.6019,36.8168]],[[126.6306,36.8131],[126.6277,36.8142],[126.6271,36.8143],[126.6306,36.8131]],[[126.632,36.8068],[126.6312,36.8073],[126.6314,36.807],[126.632,36.8068]],[[126.6396,36.7991],[126.6383,36.8007],[126.6428,36.7947],[126.6396,36.7991]],[[126.6497,36.7803],[126.6504,36.7825],[126.6503,36.7829],[126.6502,36.7831],[126.6478,36.7875],[126.6467,36.7882],[126.6497,36.7803]],[[126.6497,36.7801],[126.6499,36.7796],[126.6506,36.7786],[126.6497,36.7803],[126.6497,36.7801]],[[126.6607,36.7708],[126.6599,36.7711],[126.6602,36.7709],[126.6607,36.7708]],[[126.6796,36.7836],[126.6779,36.7839],[126.6772,36.784],[126.6766,36.7839],[126.6839,36.7821],[126.6796,36.7836]],[[126.6969,36.7972],[126.6957,36.7972],[126.6963,36.7971],[126.6969,36.7972]],[[126.6951,36.7987],[126.6952,36.7991],[126.6951,36.7988],[126.6951,36.7987]],[[126.696,36.8002],[126.6987,36.8017],[126.697,36.801],[126.696,36.8002]],[[126.7019,36.8026],[126.7033,36.8027],[126.7032,36.8028],[126.7019,36.8026]],[[126.7084,36.8031],[126.7095,36.8036],[126.7093,36.8036],[126.7084,36.8031]],[[126.7124,36.8036],[126.7137,36.8032],[126.7135,36.8035],[126.7124,36.8036]]],[[[126.3869,36.3663],[126.384,36.3763],[126.397,36.3806],[126.4145,36.371],[126.4136,36.382],[126.4352,36.3845],[126.4313,36.3774],[126.4388,36.3722],[126.4314,36.3681],[126.4597,36.3621],[126.4579,36.3545],[126.3869,36.3663]]],[[[126.3734,36.5773],[126.3588,36.5722],[126.3752,36.5645],[126.3749,36.542],[126.3866,36.5243],[126.3781,36.5192],[126.3944,36.5146],[126.391,36.5094],[126.4018,36.5055],[126.399,36.4882],[126.4103,36.4917],[126.4087,36.4746],[126.4175,36.4646],[126.4065,36.4531],[126.4319,36.4374],[126.4278,36.432],[126.4346,36.4196],[126.4222,36.4101],[126.4275,36.3993],[126.39,36.4219],[126.3797,36.4206],[126.376,36.4118],[126.3623,36.4155],[126.351,36.4254],[126.3575,36.4394],[126.364,36.4406],[126.3303,36.4413],[126.3309,36.465],[126.3242,36.4682],[126.3318,36.4845],[126.3302,36.5],[126.3387,36.5051],[126.3279,36.5123],[126.3277,36.5549],[126.3142,36.5711],[126.3116,36.5854],[126.3232,36.5834],[126.3225,36.5985],[126.3592,36.6125],[126.3748,36.5966],[126.3734,36.5773]]],[[[126.4365,37.0573],[126.4437,37.0617],[126.4499,37.044],[126.4216,37.0411],[126.4183,37.0631],[126.4365,37.0573]]]]}},{"type":"Feature","properties":{"code":"35","name":"전북특별자치도","short":"전북","name_en":"Jeonbuk","cx":127.374,"cy":35.728},"geometry":{"type":"MultiPolygon","coordinates":[[[[126.3156,35.6102],[126.3036,35.5957],[126.2654,35.5759],[126.267,35.5667],[126.2555,35.5738],[126.2485,35.5873],[126.2708,35.5901],[126.2567,35.5938],[126.273,35.5992],[126.2708,35.6087],[126.282,35.6057],[126.2753,35.6171],[126.2939,35.6043],[126.2968,35.6124],[126.3035,35.6128],[126.3015,35.6153],[126.2999,35.62],[126.3075,35.6205],[126.3156,35.6102]]],[[[126.4255,35.7935],[126.4136,35.7983],[126.4196,35.8087],[126.4318,35.8022],[126.4328,35.8089],[126.4428,35.8095],[126.4255,35.7935]]],[[[127.6121,35.5359],[127.6287,35.536],[127.6257,35.5253],[127.6504,35.4979],[127.6531,35.4869],[127.6366,35.4782],[127.6367,35.4594],[127.6452,35.4491],[127.6741,35.4457],[127.6652,35.4356],[127.6605,35.4144],[127.6363,35.3992],[127.6257,35.3769],[127.6102,35.3659],[127.6233,35.3422],[127.6207,35.3326],[127.5857,35.3091],[127.5423,35.3285],[127.502,35.3584],[127.4708,35.3653],[127.4309,35.3581],[127.3846,35.3025],[127.3543,35.3224],[127.3099,35.3045],[127.2867,35.314],[127.2572,35.3125],[127.2328,35.3334],[127.2221,35.3349],[127.2123,35.3168],[127.2036,35.3157],[127.1848,35.3261],[127.1862,35.3369],[127.1609,35.3277],[127.1455,35.309],[127.1052,35.2992],[127.0431,35.3219],[127.0523,35.3403],[127.0702,35.3396],[127.0652,35.3565],[127.0706,35.3652],[127.0576,35.3827],[127.0489,35.3774],[127.0391,35.3801],[127.0275,35.3947],[127.027,35.3999],[127.0469,35.4022],[127.0523,35.4265],[127.0374,35.4339],[127.0347,35.4666],[127.0143,35.4578],[127.0,35.4629],[126.9945,35.4398],[126.9853,35.4367],[126.9816,35.4266],[126.9714,35.4277],[126.9761,35.4],[126.9354,35.3946],[126.93,35.4002],[126.9332,35.4061],[126.9174,35.4021],[126.9164,35.4156],[126.9031,35.4206],[126.9043,35.4297],[126.8974,35.4347],[126.9051,35.4408],[126.8968,35.448],[126.8695,35.4616],[126.8395,35.4623],[126.8433,35.4783],[126.8233,35.4869],[126.8139,35.4842],[126.814,35.4688],[126.7649,35.4671],[126.7495,35.4513],[126.7377,35.4495],[126.7517,35.4359],[126.7542,35.4165],[126.7225,35.3999],[126.7296,35.3946],[126.7313,35.3769],[126.7194,35.365],[126.7046,35.3651],[126.6993,35.3501],[126.6918,35.3514],[126.6857,35.3442],[126.6664,35.3515],[126.6531,35.328],[126.6443,35.3272],[126.6448,35.3198],[126.6264,35.3214],[126.6042,35.3357],[126.585,35.3302],[126.5809,35.3173],[126.5894,35.3175],[126.5849,35.3008],[126.5727,35.3101],[126.5511,35.3137],[126.5323,35.3067],[126.5139,35.3275],[126.5205,35.3483],[126.5128,35.362],[126.4935,35.3504],[126.4974,35.3732],[126.4774,35.3862],[126.4906,35.3951],[126.4916,35.4113],[126.476,35.4293],[126.4642,35.4254],[126.4502,35.4279],[126.4463,35.4353],[126.4299,35.4329],[126.4367,35.4485],[126.4295,35.4496],[126.4391,35.4503],[126.4853,35.5225],[126.4968,35.5099],[126.4936,35.5163],[126.5025,35.5253],[126.5264,35.5348],[126.5411,35.534],[126.5443,35.5273],[126.5599,35.5433],[126.5945,35.541],[126.5923,35.5337],[126.5954,35.5297],[126.614,35.5704],[126.6241,35.5683],[126.6332,35.5747],[126.6492,35.5709],[126.6742,35.5465],[126.6763,35.5477],[126.6647,35.5604],[126.6642,35.5661],[126.6733,35.57],[126.6575,35.5869],[126.6512,35.5806],[126.5752,35.5904],[126.528,35.5793],[126.5167,35.5807],[126.5151,35.5877],[126.5108,35.579],[126.4919,35.5859],[126.478,35.6023],[126.4665,35.5987],[126.4673,35.606],[126.4599,35.6105],[126.463,35.6185],[126.4699,35.6188],[126.4637,35.6234],[126.4686,35.6314],[126.4669,35.6348],[126.4619,35.6335],[126.4581,35.6378],[126.481,35.6454],[126.521,35.6763],[126.5263,35.6749],[126.5333,35.69],[126.5564,35.6978],[126.5324,35.7258],[126.5202,35.7317],[126.4797,35.8131],[126.4867,35.8159],[126.5197,35.7378],[126.5319,35.7306],[126.5694,35.6864],[126.569,35.6928],[126.6286,35.7491],[126.6273,35.7806],[126.6214,35.7869],[126.6315,35.7995],[126.6528,35.7919],[126.7068,35.7965],[126.6916,35.8253],[126.69,35.8414],[126.6834,35.842],[126.6746,35.8892],[126.6675,35.8836],[126.6408,35.8844],[126.6297,35.8919],[126.6288,35.8866],[126.6124,35.8863],[126.6117,35.929],[126.6175,35.9399],[126.5936,35.9483],[126.588,35.9478],[126.5883,35.9027],[126.5811,35.9027],[126.5757,35.9031],[126.5881,35.903],[126.5879,35.9208],[126.5715,35.9198],[126.5648,35.9053],[126.5697,35.9172],[126.5648,35.9362],[126.5344,35.934],[126.4989,35.8476],[126.4996,35.8376],[126.4733,35.8112],[126.4628,35.8127],[126.4619,35.8191],[126.4494,35.8067],[126.4432,35.8137],[126.4527,35.8202],[126.4417,35.8277],[126.4505,35.8321],[126.4753,35.8223],[126.4907,35.8382],[126.4855,35.8457],[126.4965,35.8471],[126.5327,35.9373],[126.525,35.9354],[126.5298,35.9437],[126.5218,35.948],[126.5213,35.9722],[126.5175,35.9723],[126.5128,35.9749],[126.5223,35.9731],[126.5233,35.9663],[126.5258,35.9736],[126.6132,35.9788],[126.6244,35.971],[126.6223,35.9779],[126.6834,35.9842],[126.7052,35.9946],[126.7285,35.9845],[126.7391,35.9867],[126.7559,36.0105],[126.7417,36.0122],[126.748,36.0258],[126.8058,36.0344],[126.8211,36.0499],[126.868,36.0624],[126.8738,36.1104],[126.8897,36.1396],[126.9197,36.1363],[126.9566,36.1566],[126.9808,36.148],[127.0154,36.1488],[127.0241,36.1365],[127.0397,36.1383],[127.0448,36.1461],[127.0453,36.1353],[127.063,36.1252],[127.057,36.1151],[127.0611,36.089],[127.0904,36.0718],[127.102,36.0758],[127.1227,36.0636],[127.131,36.0658],[127.1338,36.0815],[127.1458,36.0903],[127.1688,36.084],[127.1824,36.0947],[127.198,36.0858],[127.2049,36.1002],[127.2117,36.1007],[127.2287,36.0981],[127.2487,36.0831],[127.2547,36.0874],[127.2456,36.101],[127.2521,36.1131],[127.2745,36.1074],[127.2939,36.1131],[127.3017,36.1252],[127.3153,36.1191],[127.3228,36.1306],[127.3385,36.1305],[127.3549,36.1083],[127.3477,36.0983],[127.3601,36.0894],[127.357,36.0815],[127.3643,36.0658],[127.3604,36.0545],[127.3736,36.0411],[127.3765,36.0229],[127.4012,36.0087],[127.4346,36.0295],[127.4372,36.0093],[127.445,36.0066],[127.4558,35.9838],[127.4684,35.9881],[127.4877,35.9783],[127.4993,35.9874],[127.5067,35.9796],[127.5244,35.9851],[127.5359,35.9949],[127.5321,36.008],[127.5399,36.0117],[127.5388,36.0259],[127.5314,36.0408],[127.5663,36.0312],[127.5745,36.0233],[127.5898,36.026],[127.6142,36.0008],[127.6187,36.008],[127.6107,36.0253],[127.6397,36.0323],[127.6305,36.0422],[127.6191,36.0392],[127.6239,36.0673],[127.6446,36.0668],[127.6644,36.0375],[127.6727,36.0416],[127.6698,36.0514],[127.689,36.0627],[127.7019,36.0353],[127.7616,36.0252],[127.7593,36.0152],[127.7651,36.0123],[127.7876,36.0145],[127.8007,36.0266],[127.8528,36.0391],[127.8661,36.0243],[127.8768,36.0225],[127.8756,35.9969],[127.8939,35.9859],[127.8896,35.9797],[127.8963,35.9777],[127.9101,35.9459],[127.8822,35.9289],[127.8851,35.9096],[127.8595,35.9065],[127.8507,35.8901],[127.8537,35.8813],[127.8418,35.8662],[127.8266,35.8683],[127.8139,35.8536],[127.8044,35.8587],[127.7688,35.8383],[127.7578,35.8368],[127.7445,35.8444],[127.7189,35.7969],[127.7003,35.7891],[127.6794,35.7685],[127.6658,35.7688],[127.661,35.7099],[127.6418,35.6929],[127.6405,35.6728],[127.6201,35.6461],[127.6353,35.6185],[127.613,35.6082],[127.6075,35.5949],[127.6112,35.5839],[127.5888,35.5648],[127.5849,35.5539],[127.6121,35.5359]],[[127.1315,36.0635],[127.1336,36.0617],[127.1345,36.0609],[127.1381,36.0579],[127.1397,36.057],[127.131,36.0658],[127.1315,36.0635]],[[127.3204,35.4938],[127.314,35.4967],[127.3165,35.4954],[127.3204,35.4938]],[[127.3253,35.4957],[127.3265,35.4955],[127.3259,35.4957],[127.3253,35.4957]],[[127.3312,35.4922],[127.3329,35.4919],[127.3336,35.4919],[127.3312,35.4922]],[[127.3468,35.4965],[127.3418,35.4966],[127.3437,35.4964],[127.3468,35.4965]],[[127.3402,35.5275],[127.3389,35.5278],[127.3382,35.5278],[127.3402,35.5275]],[[127.3407,35.5259],[127.341,35.5259],[127.3402,35.5275],[127.3407,35.5259]],[[127.3433,35.5511],[127.3413,35.5533],[127.3378,35.5546],[127.3433,35.5511]],[[127.3456,35.551],[127.3473,35.5512],[127.3434,35.5511],[127.3456,35.551]],[[127.361,35.5575],[127.3603,35.5584],[127.3588,35.5588],[127.361,35.5575]],[[126.706,35.5746],[126.7105,35.5737],[126.714,35.5732],[126.706,35.5746]],[[126.7208,35.5837],[126.7202,35.5837],[126.7167,35.5817],[126.7208,35.5837]],[[126.7243,35.5846],[126.7244,35.5918],[126.7235,35.5928],[126.7243,35.5846]],[[126.7221,35.6169],[126.721,35.6153],[126.72,35.6105],[126.7221,35.6169]],[[126.7222,35.6196],[126.7216,35.6209],[126.7221,35.6169],[126.7222,35.6196]],[[126.7224,35.6249],[126.7222,35.6259],[126.7217,35.6266],[126.7224,35.6249]],[[126.7228,35.632],[126.7232,35.6334],[126.7233,35.6337],[126.7234,35.6344],[126.7245,35.6401],[126.7253,35.643],[126.7213,35.6315],[126.7228,35.632]],[[126.7267,35.6472],[126.7272,35.6485],[126.7268,35.6482],[126.7267,35.6472]],[[126.767,35.6761],[126.7668,35.6756],[126.7649,35.6729],[126.7648,35.6669],[126.767,35.6761]],[[126.7922,35.6782],[126.7941,35.6804],[126.7954,35.6821],[126.7922,35.6782]],[[126.8275,35.6809],[126.8274,35.6809],[126.8271,35.68],[126.8275,35.6809]],[[126.8277,35.682],[126.8274,35.6815],[126.8274,35.6814],[126.8277,35.682]],[[126.8391,35.6984],[126.8337,35.7006],[126.8367,35.6992],[126.8391,35.6984]],[[126.8345,35.7026],[126.8347,35.7029],[126.8348,35.703],[126.8348,35.7031],[126.8348,35.7032],[126.8348,35.7033],[126.8348,35.7035],[126.8348,35.7036],[126.8345,35.7026]],[[126.8335,35.7047],[126.8334,35.7047],[126.8334,35.7048],[126.833,35.7048],[126.8348,35.7038],[126.8335,35.7047]],[[126.8325,35.705],[126.8318,35.7053],[126.8323,35.705],[126.8325,35.705]],[[126.8263,35.712],[126.8288,35.7087],[126.8262,35.7133],[126.8263,35.712]],[[126.8279,35.719],[126.829,35.7146],[126.8299,35.7154],[126.8279,35.719]],[[126.8785,35.7372],[126.8791,35.7379],[126.8801,35.7391],[126.8734,35.7326],[126.8785,35.7372]],[[126.875,35.7524],[126.8762,35.7522],[126.8774,35.7522],[126.8732,35.7569],[126.875,35.7524]],[[126.888,35.7535],[126.8863,35.7544],[126.887,35.7536],[126.888,35.7535]],[[126.8964,35.7534],[126.8949,35.7533],[126.8942,35.7527],[126.8964,35.7534]],[[126.8974,35.7529],[126.8968,35.7533],[126.8964,35.7534],[126.8974,35.7529]],[[126.9242,35.7378],[126.9291,35.7308],[126.9253,35.7366],[126.9242,35.7378]],[[126.9359,35.7207],[126.9365,35.7223],[126.9358,35.7211],[126.9359,35.7207]],[[126.9519,35.7245],[126.9503,35.7241],[126.9485,35.7225],[126.9519,35.7245]],[[126.9571,35.724],[126.965,35.7221],[126.9596,35.7236],[126.9571,35.724]],[[126.9775,35.7165],[126.9814,35.7142],[126.9783,35.7162],[126.9775,35.7165]],[[127.0111,35.6774],[127.0102,35.678],[127.0104,35.6777],[127.0111,35.6774]],[[127.0146,35.6771],[127.0132,35.677],[127.0136,35.6769],[127.0146,35.6771]],[[127.0391,35.6667],[127.0406,35.6667],[127.0467,35.6676],[127.0474,35.6677],[127.0476,35.6683],[127.0391,35.6667]],[[127.0494,35.6702],[127.0476,35.6692],[127.0517,35.6701],[127.0494,35.6702]],[[127.0547,35.6689],[127.0557,35.6688],[127.0517,35.6701],[127.0547,35.6689]],[[127.0604,35.6703],[127.0593,35.6705],[127.0564,35.6692],[127.0604,35.6703]],[[127.0638,35.6774],[127.0637,35.6793],[127.062,35.6732],[127.0638,35.6774]],[[127.2916,35.4265],[127.2938,35.4299],[127.2902,35.4257],[127.2916,35.4265]],[[127.2604,35.4269],[127.2737,35.4209],[127.2627,35.4264],[127.2604,35.4269]],[[127.2358,35.3991],[127.2441,35.3984],[127.2388,35.3992],[127.2358,35.3991]],[[127.2299,35.3986],[127.2326,35.3976],[127.2332,35.3975],[127.2299,35.3986]],[[127.1994,35.3577],[127.1962,35.3577],[127.2009,35.3565],[127.201,35.3565],[127.2018,35.357],[127.202,35.3572],[127.1994,35.3577]],[[126.7692,35.876],[126.7661,35.8765],[126.7683,35.876],[126.7692,35.876]],[[126.7904,35.8927],[126.7944,35.8969],[126.7904,35.8957],[126.7904,35.8927]],[[126.8388,35.9136],[126.8345,35.9102],[126.8377,35.9121],[126.8388,35.9136]],[[126.8416,35.9165],[126.845,35.9177],[126.8432,35.9177],[126.8416,35.9165]],[[126.8481,35.9177],[126.8495,35.9174],[126.8484,35.9177],[126.8481,35.9177]],[[127.0368,35.9032],[127.0355,35.9042],[127.035,35.9043],[127.0368,35.9032]],[[127.0337,35.9051],[127.0325,35.9062],[127.0326,35.906],[127.0337,35.9051]],[[127.0668,35.9157],[127.071,35.9182],[127.0725,35.9192],[127.0668,35.9157]],[[127.0778,35.9208],[127.0796,35.9211],[127.0798,35.9211],[127.0801,35.9212],[127.0802,35.9212],[127.0805,35.9214],[127.0806,35.9214],[127.0851,35.9249],[127.0917,35.9303],[127.0918,35.9304],[127.0925,35.9314],[127.0926,35.9316],[127.0936,35.9337],[127.0939,35.9344],[127.0778,35.9208]],[[127.1007,35.9508],[127.1001,35.9504],[127.0943,35.9392],[127.1007,35.9508]],[[127.1024,35.9517],[127.1028,35.9521],[127.1056,35.9575],[127.106,35.9583],[127.1062,35.9588],[127.1063,35.9594],[127.1063,35.9596],[127.1065,35.9602],[127.1064,35.9607],[127.1064,35.9608],[127.1059,35.9617],[127.1058,35.9619],[127.1057,35.962],[127.1024,35.9517]],[[127.1042,35.9661],[127.1045,35.9641],[127.1047,35.9637],[127.1042,35.9661]],[[127.1094,35.9855],[127.1096,35.9861],[127.1097,35.9881],[127.1075,35.9953],[127.1071,35.9795],[127.1094,35.9855]],[[127.1203,36.0023],[127.1133,35.9989],[127.1096,35.9968],[127.1083,35.9959],[127.1203,36.0023]],[[127.1253,36.0063],[127.1254,36.0054],[127.1256,36.0113],[127.1253,36.0063]],[[127.1255,36.0117],[127.125,36.0124],[127.1256,36.0113],[127.1255,36.0117]],[[127.1182,36.0262],[127.1176,36.0277],[127.1175,36.0279],[127.1159,36.0242],[127.1182,36.0262]],[[127.1232,36.0368],[127.1216,36.035],[127.1172,36.0285],[127.1232,36.0368]],[[127.1324,36.0465],[127.1331,36.0476],[127.1335,36.0485],[127.1279,36.0417],[127.1324,36.0465]],[[127.1349,36.052],[127.1358,36.0533],[127.1354,36.0529],[127.1349,36.052]],[[127.2658,35.7627],[127.266,35.7623],[127.2682,35.7594],[127.2658,35.7627]],[[127.3007,35.6842],[127.298,35.6828],[127.2991,35.6832],[127.3007,35.6842]],[[127.3012,35.6844],[127.3044,35.6852],[127.3027,35.6851],[127.3012,35.6844]],[[127.3392,35.6654],[127.3391,35.6654],[127.3389,35.6654],[127.3395,35.6652],[127.3392,35.6654]],[[127.3578,35.669],[127.3474,35.6656],[127.3544,35.6675],[127.3578,35.669]],[[127.3619,35.6668],[127.3611,35.6675],[127.3599,35.6683],[127.3619,35.6668]],[[127.3767,35.6636],[127.3777,35.6644],[127.3677,35.6627],[127.3672,35.6618],[127.367,35.6611],[127.3668,35.6605],[127.3767,35.6636]],[[127.3893,35.6546],[127.3876,35.6556],[127.3782,35.6542],[127.3893,35.6546]],[[127.3928,35.6513],[127.393,35.6512],[127.3954,35.6515],[127.3928,35.6513]],[[127.4289,35.6403],[127.4283,35.642],[127.4192,35.641],[127.4289,35.6403]],[[127.4036,35.6139],[127.4029,35.6139],[127.402,35.6134],[127.4036,35.6139]],[[127.388,35.6147],[127.3943,35.614],[127.3913,35.6145],[127.388,35.6147]],[[127.217,35.8013],[127.2143,35.7979],[127.2165,35.8002],[127.217,35.8013]],[[127.2117,35.7946],[127.2122,35.7961],[127.2105,35.7932],[127.2117,35.7946]],[[127.2017,35.7854],[127.1952,35.7741],[127.2018,35.7851],[127.2017,35.7854]],[[127.1866,35.7792],[127.1854,35.7791],[127.1847,35.7788],[127.1866,35.7792]],[[127.1799,35.7754],[127.1809,35.7756],[127.1811,35.7757],[127.1842,35.7786],[127.1799,35.7754]],[[127.1544,35.7796],[127.1542,35.7795],[127.1539,35.7793],[127.1537,35.7791],[127.1635,35.782],[127.1544,35.7796]],[[127.1501,35.767],[127.1501,35.7673],[127.148,35.7656],[127.1501,35.767]],[[127.1349,35.7596],[127.133,35.7579],[127.1317,35.7566],[127.1415,35.7608],[127.1349,35.7596]],[[127.1297,35.7553],[127.1304,35.7555],[127.1305,35.7556],[127.1256,35.7543],[127.1297,35.7553]],[[127.117,35.7497],[127.1177,35.7509],[127.1162,35.7493],[127.117,35.7497]],[[127.1007,35.7503],[127.0993,35.7477],[127.0961,35.7455],[127.0957,35.7448],[127.0956,35.7436],[127.0955,35.7415],[127.096,35.739],[127.0957,35.7376],[127.1026,35.7525],[127.1007,35.7503]],[[127.1157,35.7494],[127.1143,35.7502],[127.1045,35.7525],[127.1026,35.7525],[127.1157,35.7494]],[[127.0862,35.7272],[127.0861,35.7303],[127.0851,35.7286],[127.0862,35.7272]],[[127.0674,35.819],[127.0671,35.8193],[127.0683,35.8174],[127.0674,35.819]],[[127.0054,35.843],[127.0058,35.8433],[127.0062,35.8435],[127.0066,35.8439],[127.0095,35.8467],[127.0095,35.8472],[127.0092,35.8486],[127.0054,35.843]],[[126.998,35.8308],[126.9987,35.8312],[126.999,35.8314],[126.9991,35.8316],[127.0001,35.833],[127.0005,35.8335],[127.0012,35.8347],[126.998,35.8308]],[[126.9956,35.8289],[126.9955,35.8288],[126.9955,35.8287],[126.9967,35.8298],[126.9956,35.8289]],[[126.9952,35.8278],[126.996,35.8261],[126.9954,35.8286],[126.9952,35.8278]],[[126.9986,35.8147],[126.9997,35.8132],[127.0016,35.8114],[126.9986,35.8147]],[[127.0159,35.803],[127.0156,35.8032],[127.0086,35.8073],[127.0159,35.803]],[[127.033,35.7984],[127.0326,35.799],[127.0328,35.7985],[127.033,35.7984]],[[127.05,35.7944],[127.0518,35.7934],[127.0514,35.7938],[127.05,35.7944]],[[127.0555,35.7915],[127.0532,35.7925],[127.0549,35.7916],[127.0555,35.7915]],[[127.0576,35.7916],[127.0574,35.7914],[127.0576,35.7915],[127.0576,35.7916]],[[127.0613,35.7924],[127.0636,35.7918],[127.0626,35.7922],[127.0613,35.7924]],[[127.0863,35.7269],[127.0865,35.7253],[127.0867,35.7261],[127.0863,35.7269]],[[127.0844,35.7232],[127.0822,35.7217],[127.0837,35.7226],[127.0844,35.7232]],[[127.0706,35.715],[127.0782,35.7214],[127.0746,35.7199],[127.0706,35.715]],[[127.0698,35.7128],[127.0661,35.708],[127.0699,35.7124],[127.0698,35.7128]],[[127.0603,35.7021],[127.0631,35.7063],[127.0616,35.7049],[127.0603,35.7021]],[[127.0637,35.6795],[127.0646,35.682],[127.064,35.6806],[127.0637,35.6795]],[[127.2868,35.7928],[127.2862,35.7929],[127.2822,35.7922],[127.2759,35.7897],[127.2868,35.7928]],[[127.2914,35.7971],[127.2876,35.7953],[127.2875,35.7949],[127.298,35.7979],[127.2914,35.7971]],[[127.296,35.8099],[127.295,35.8093],[127.2955,35.8095],[127.296,35.8099]],[[127.3078,35.8227],[127.3103,35.8243],[127.3107,35.8252],[127.3078,35.8227]],[[127.3239,35.8536],[127.3232,35.853],[127.3238,35.8533],[127.3239,35.8536]],[[127.3206,35.8679],[127.323,35.8699],[127.3206,35.868],[127.3206,35.8679]],[[127.3371,35.9081],[127.3357,35.9083],[127.335,35.9083],[127.3371,35.9081]],[[127.3438,35.91],[127.3405,35.9085],[127.3417,35.909],[127.3438,35.91]],[[127.3464,35.982],[127.3437,35.9809],[127.3485,35.9827],[127.3492,35.983],[127.3495,35.9832],[127.3464,35.982]],[[127.3561,35.9888],[127.3528,35.9891],[127.3545,35.9888],[127.3561,35.9888]],[[127.3714,36.021],[127.3706,36.0217],[127.3701,36.022],[127.369,36.0216],[127.3675,36.0212],[127.3663,36.0198],[127.3714,36.021]],[[127.0344,35.8503],[127.0367,35.8506],[127.0377,35.851],[127.0344,35.8503]],[[127.1321,35.9025],[127.1356,35.9022],[127.1347,35.9023],[127.1321,35.9025]],[[127.1494,35.8878],[127.1465,35.892],[127.1476,35.8891],[127.1494,35.8878]],[[127.1516,35.8789],[127.1521,35.8786],[127.1531,35.8783],[127.1516,35.8789]],[[127.1655,35.8613],[127.1628,35.8653],[127.1646,35.8625],[127.1655,35.8613]],[[127.1614,35.8688],[127.1598,35.8715],[127.1561,35.8758],[127.155,35.8769],[127.1628,35.8653],[127.1614,35.8688]],[[127.166,35.8607],[127.1674,35.8583],[127.1668,35.8596],[127.166,35.8607]],[[127.1779,35.8533],[127.1784,35.8534],[127.1747,35.8535],[127.1779,35.8533]],[[127.1787,35.8534],[127.1792,35.8536],[127.1784,35.8534],[127.1787,35.8534]],[[127.1809,35.8546],[127.1818,35.8547],[127.1815,35.8548],[127.1809,35.8546]],[[127.1855,35.8544],[127.1873,35.8553],[127.1852,35.8543],[127.1855,35.8544]],[[127.1929,35.8602],[127.1951,35.8608],[127.1941,35.8609],[127.1929,35.8602]],[[127.1982,35.856],[127.1981,35.858],[127.1967,35.86],[127.1982,35.856]],[[127.1996,35.8535],[127.2013,35.8521],[127.201,35.8527],[127.1996,35.8535]],[[127.2072,35.8442],[127.21,35.841],[127.2099,35.8413],[127.2072,35.8442]],[[127.2079,35.8287],[127.2097,35.8326],[127.2086,35.8316],[127.2079,35.8287]],[[127.2103,35.8255],[127.2132,35.8228],[127.2097,35.8262],[127.2103,35.8255]],[[127.2192,35.8198],[127.2227,35.8205],[127.2241,35.8211],[127.2266,35.8221],[127.2154,35.8213],[127.2192,35.8198]],[[127.231,35.8219],[127.2296,35.822],[127.2297,35.8219],[127.231,35.8219]],[[127.2205,35.8035],[127.2222,35.8045],[127.2224,35.8047],[127.2239,35.8064],[127.2205,35.8035]],[[127.0455,35.8948],[127.0434,35.8976],[127.0436,35.8969],[127.0455,35.8948]],[[127.0477,35.8929],[127.0464,35.894],[127.047,35.8934],[127.0477,35.8929]],[[127.0603,35.8999],[127.0602,35.8999],[127.0601,35.8998],[127.0603,35.8999]],[[127.0852,35.8918],[127.0865,35.8918],[127.0814,35.8956],[127.0852,35.8918]],[[127.0905,35.894],[127.0929,35.8944],[127.0919,35.8943],[127.0905,35.894]],[[126.8951,36.0142],[126.8954,36.0141],[126.8898,36.0184],[126.8951,36.0142]],[[126.9027,36.0076],[126.9017,36.0078],[126.914,36.005],[126.9027,36.0076]],[[126.9027,35.9786],[126.9023,35.9784],[126.9025,35.9764],[126.9029,35.9732],[126.9027,35.9786]],[[126.8875,35.9592],[126.8856,35.9597],[126.8857,35.9596],[126.8875,35.9592]],[[126.8922,35.9575],[126.8933,35.9558],[126.8927,35.9571],[126.8922,35.9575]],[[126.8829,35.9475],[126.884,35.9487],[126.883,35.948],[126.8829,35.9475]],[[126.8781,35.9338],[126.8743,35.9307],[126.8776,35.9333],[126.8781,35.9338]]],[[[126.6843,35.986],[126.6559,35.9873],[126.6579,35.9905],[126.7012,35.9956],[126.6843,35.986]]]]}},{"type":"Feature","properties":{"code":"36","name":"전라남도","short":"전남","name_en":"Jeonnam","cx":126.814,"cy":34.889},"geometry":{"type":"MultiPolygon","coordinates":[[[[125.1231,34.0873],[125.1206,34.0742],[125.1441,34.0509],[125.1217,34.0476],[125.1109,34.065],[125.0858,34.0741],[125.0946,34.0741],[125.097,34.0962],[125.1231,34.0873]]],[[[125.9403,34.2384],[125.9482,34.2455],[125.9557,34.2414],[125.9437,34.2312],[125.9278,34.2304],[125.9257,34.2375],[125.9393,34.2456],[125.9403,34.2384]]],[[[125.9171,34.2481],[125.9168,34.2541],[125.9088,34.2463],[125.8973,34.246],[125.9078,34.259],[125.9234,34.2623],[125.9171,34.2481]]],[[[125.3004,34.3959],[125.3124,34.3857],[125.308,34.3819],[125.3005,34.3867],[125.2967,34.3798],[125.2823,34.4033],[125.2979,34.3915],[125.3004,34.3959]]],[[[125.8584,34.6186],[125.8611,34.6043],[125.8419,34.5971],[125.8265,34.6014],[125.8182,34.5933],[125.811,34.6027],[125.8281,34.6086],[125.8139,34.6105],[125.8148,34.6165],[125.8217,34.6141],[125.8547,34.6305],[125.8581,34.6226],[125.8534,34.6191],[125.8584,34.6186]]],[[[125.4292,34.6849],[125.441,34.6835],[125.4441,34.6946],[125.4517,34.6894],[125.4542,34.6955],[125.4641,34.6873],[125.4579,34.6809],[125.4542,34.6861],[125.4439,34.6812],[125.438,34.6613],[125.4226,34.6603],[125.4276,34.6457],[125.4115,34.6432],[125.4117,34.6247],[125.4013,34.6251],[125.3846,34.6433],[125.3992,34.6484],[125.3884,34.6535],[125.3879,34.6605],[125.3973,34.6619],[125.3975,34.6744],[125.4092,34.6826],[125.4121,34.6969],[125.4317,34.6962],[125.4292,34.6849]]],[[[125.3961,34.6917],[125.37,34.6665],[125.3632,34.67],[125.3611,34.6758],[125.3804,34.6814],[125.3916,34.6924],[125.3878,34.6976],[125.3961,34.6917]]],[[[125.2039,34.6822],[125.1932,34.684],[125.193,34.6738],[125.1823,34.6673],[125.1785,34.6819],[125.1836,34.6882],[125.1919,34.6863],[125.2008,34.7106],[125.2087,34.7165],[125.2138,34.7044],[125.2039,34.6822]]],[[[125.4768,34.7314],[125.4607,34.725],[125.4656,34.7225],[125.4637,34.7145],[125.4505,34.7244],[125.454,34.7308],[125.4641,34.7313],[125.4548,34.7426],[125.4768,34.7314]]],[[[126.0005,34.7895],[125.9851,34.7745],[125.9988,34.7736],[125.9983,34.7617],[125.9844,34.761],[125.9771,34.7539],[125.9683,34.7588],[125.961,34.7472],[125.9575,34.7561],[125.9627,34.7622],[125.9543,34.7669],[125.9561,34.7535],[125.9487,34.7575],[125.937,34.7484],[125.9307,34.7541],[125.9295,34.7518],[125.9498,34.7336],[125.9393,34.7315],[125.9363,34.7202],[125.9176,34.7169],[125.8928,34.7278],[125.8955,34.7316],[125.8864,34.7401],[125.8959,34.7482],[125.8909,34.759],[125.8979,34.7604],[125.8895,34.7666],[125.9024,34.7716],[125.9,34.7803],[125.9375,34.777],[125.9532,34.784],[125.952,34.789],[125.9644,34.7874],[125.9735,34.8021],[125.9964,34.806],[126.0005,34.7895]]],[[[125.9965,34.2733],[125.9932,34.2643],[126.0043,34.2687],[126.0095,34.2651],[125.9988,34.2601],[126.003,34.2519],[125.9878,34.2631],[125.9896,34.2704],[125.9822,34.2638],[125.9785,34.2674],[125.9782,34.2758],[125.9911,34.2791],[125.9965,34.2733]]],[[[126.0534,34.3317],[126.0606,34.321],[126.038,34.3225],[126.0466,34.3238],[126.0369,34.3304],[126.034,34.3246],[126.0236,34.3306],[126.0206,34.3228],[126.0104,34.3215],[125.9948,34.3274],[125.9979,34.3392],[126.0129,34.3338],[126.012,34.3392],[126.029,34.3418],[126.0534,34.3317]]],[[[126.0395,34.63],[126.0332,34.6111],[126.0455,34.6019],[126.0549,34.6045],[126.0599,34.5949],[126.0644,34.5832],[126.0559,34.5682],[126.0337,34.5723],[126.0294,34.5654],[126.019,34.5645],[126.022,34.5743],[126.0145,34.5855],[126.0267,34.5926],[126.0196,34.6004],[126.0111,34.5964],[126.0168,34.6181],[126.0096,34.6285],[126.0156,34.6353],[126.0395,34.63]]],[[[126.0094,34.6202],[126.0091,34.6114],[125.9967,34.6062],[125.9952,34.6144],[125.9936,34.6085],[125.9867,34.6088],[125.9889,34.6169],[125.9986,34.618],[125.9937,34.6224],[125.9999,34.6299],[126.0094,34.6202]]],[[[125.9795,34.6252],[125.9767,34.6191],[125.9649,34.6287],[125.9561,34.6235],[125.9463,34.6357],[125.9614,34.6449],[125.9795,34.6252]]],[[[125.979,34.7158],[125.982,34.7221],[125.9906,34.7193],[125.9997,34.7031],[126.0136,34.7031],[126.0077,34.6852],[125.9877,34.6786],[125.9876,34.6735],[125.9786,34.6719],[125.9785,34.6626],[125.9652,34.6563],[125.9537,34.6586],[125.9548,34.6725],[125.9393,34.6655],[125.9329,34.6792],[125.9206,34.6715],[125.9225,34.6794],[125.9166,34.678],[125.9189,34.688],[125.914,34.6876],[125.9157,34.711],[125.9466,34.7147],[125.9614,34.7374],[125.979,34.7158]]],[[[126.0185,34.7465],[126.0248,34.7451],[126.0311,34.7276],[126.0189,34.7236],[126.0119,34.7447],[126.0222,34.7535],[126.017,34.7662],[126.0288,34.7592],[126.0185,34.7465]]],[[[126.0755,34.9337],[126.0763,34.9214],[126.0915,34.9214],[126.0838,34.9116],[126.0986,34.9098],[126.0836,34.8956],[126.099,34.8895],[126.0953,34.8765],[126.0788,34.8812],[126.0844,34.8642],[126.0685,34.8642],[126.0689,34.8584],[126.05,34.855],[126.0424,34.8445],[126.0323,34.8584],[126.0202,34.8618],[126.0251,34.8722],[126.008,34.8592],[125.9983,34.8653],[125.9774,34.8642],[125.9824,34.8673],[125.9795,34.8733],[125.9675,34.8729],[125.9902,34.8767],[126.0136,34.9119],[126.0319,34.9091],[126.0347,34.9196],[126.0402,34.9189],[126.041,34.9109],[126.0546,34.9122],[126.0615,34.9213],[126.0564,34.9387],[126.0755,34.9337]]],[[[126.0119,35.0873],[126.0158,35.1043],[126.0296,35.0891],[126.0284,35.0776],[126.0119,35.0873]]],[[[126.0414,35.3464],[126.0311,35.3346],[126.014,35.3317],[126.0193,35.3405],[126.0082,35.3449],[126.023,35.3474],[126.0082,35.3558],[126.0052,35.3492],[125.9958,35.3568],[126.021,35.3564],[126.023,35.3634],[126.0414,35.3464]]],[[[126.0688,34.2398],[126.0605,34.2381],[126.0578,34.2248],[126.043,34.2321],[126.037,34.2216],[126.0341,34.2312],[126.0239,34.2311],[126.0261,34.2387],[126.0488,34.2401],[126.0488,34.2542],[126.0688,34.2398]]],[[[126.0543,34.3041],[126.0884,34.3112],[126.086,34.2988],[126.0953,34.2754],[126.0779,34.2847],[126.0675,34.2737],[126.0616,34.2895],[126.0525,34.2871],[126.0587,34.2782],[126.0551,34.2742],[126.0487,34.2838],[126.0232,34.2855],[126.0245,34.2954],[126.0155,34.2921],[126.0193,34.3005],[126.0323,34.3043],[126.0228,34.3095],[126.0346,34.3118],[126.03,34.317],[126.0401,34.3184],[126.0543,34.3041]]],[[[126.0588,34.4833],[126.0705,34.4813],[126.0529,34.4724],[126.0429,34.4591],[126.0363,34.4609],[126.0423,34.4697],[126.0318,34.4808],[126.032,34.4835],[126.0398,34.4801],[126.0549,34.4981],[126.0635,34.4931],[126.0588,34.4833]]],[[[126.0878,34.6083],[126.1027,34.6059],[126.0985,34.5969],[126.1114,34.5888],[126.0919,34.5688],[126.1021,34.5553],[126.0832,34.5561],[126.0861,34.5461],[126.0625,34.5401],[126.0564,34.5306],[126.0312,34.531],[126.0294,34.5438],[126.0447,34.5376],[126.0458,34.5463],[126.0609,34.5487],[126.0535,34.5569],[126.0277,34.5526],[126.0308,34.5612],[126.0436,34.5653],[126.0635,34.5591],[126.0712,34.5723],[126.0854,34.5802],[126.0855,34.5853],[126.0746,34.5842],[126.0652,34.6081],[126.0473,34.6101],[126.051,34.6296],[126.0751,34.6251],[126.0878,34.6083]]],[[[126.137,34.7286],[126.1242,34.7244],[126.1178,34.7148],[126.1103,34.7219],[126.0977,34.7207],[126.0829,34.7164],[126.0805,34.7062],[126.075,34.7088],[126.0813,34.7202],[126.0711,34.7416],[126.0819,34.7507],[126.0768,34.7638],[126.0677,34.7646],[126.0644,34.7686],[126.0822,34.7634],[126.0887,34.7749],[126.1046,34.7665],[126.1247,34.771],[126.1439,34.7519],[126.1566,34.758],[126.1737,34.7533],[126.1674,34.7471],[126.1758,34.7418],[126.1828,34.7237],[126.1765,34.7163],[126.178,34.7064],[126.1746,34.7008],[126.1456,34.7015],[126.1501,34.7108],[126.137,34.7286]]],[[[126.1609,34.8155],[126.1524,34.8014],[126.1688,34.7976],[126.1723,34.7941],[126.1675,34.7894],[126.1751,34.7851],[126.172,34.7771],[126.1674,34.7894],[126.1591,34.7875],[126.1641,34.7649],[126.1411,34.7609],[126.1274,34.7805],[126.106,34.778],[126.0818,34.7884],[126.1477,34.7975],[126.1466,34.8123],[126.1553,34.8127],[126.1578,34.8214],[126.1609,34.8155]]],[[[126.1379,34.8751],[126.1438,34.881],[126.1571,34.8663],[126.157,34.8606],[126.1327,34.8599],[126.1347,34.8529],[126.1491,34.8467],[126.149,34.8398],[126.1397,34.8356],[126.1417,34.8272],[126.1202,34.8341],[126.1146,34.8261],[126.1229,34.8125],[126.1185,34.8003],[126.094,34.7971],[126.0906,34.8151],[126.0801,34.8189],[126.0713,34.8133],[126.0796,34.7983],[126.0753,34.7944],[126.0648,34.8091],[126.0472,34.8155],[126.043,34.8258],[126.0481,34.828],[126.0664,34.8131],[126.0799,34.819],[126.0596,34.8477],[126.0826,34.8592],[126.1152,34.8507],[126.1202,34.8577],[126.1104,34.8647],[126.1085,34.8793],[126.1172,34.8822],[126.1379,34.8751]]],[[[126.0422,35.0846],[126.056,35.0958],[126.049,35.1028],[126.0808,35.1075],[126.1118,35.1336],[126.114,35.1433],[126.1429,35.1407],[126.1471,35.1462],[126.1639,35.1458],[126.1244,35.1347],[126.1164,35.0967],[126.1235,35.0815],[126.1108,35.0836],[126.1054,35.0881],[126.1021,35.088],[126.1224,35.0771],[126.1089,35.0696],[126.1175,35.0609],[126.1024,35.0569],[126.1013,35.048],[126.0741,35.0595],[126.0773,35.0696],[126.0604,35.0683],[126.0629,35.0555],[126.0572,35.0637],[126.0377,35.0656],[126.0386,35.0706],[126.0549,35.0677],[126.0568,35.0772],[126.0422,35.0846]]],[[[126.1873,34.6523],[126.1853,34.6378],[126.2003,34.6424],[126.2012,34.6354],[126.181,34.6304],[126.1739,34.6219],[126.1626,34.6281],[126.1516,34.6197],[126.122,34.6155],[126.1291,34.6205],[126.122,34.6293],[126.1322,34.6417],[126.1103,34.6448],[126.11,34.6491],[126.1275,34.6521],[126.1302,34.6603],[126.153,34.6728],[126.1873,34.6523]]],[[[126.2015,34.7024],[126.2025,34.7004],[126.1927,34.6972],[126.1977,34.6872],[126.1893,34.6804],[126.1861,34.685],[126.1705,34.6796],[126.1602,34.6885],[126.1775,34.6881],[126.1925,34.7093],[126.2015,34.7024]]],[[[126.197,34.9274],[126.1954,34.9345],[126.2014,34.9387],[126.1887,34.9465],[126.2048,34.9472],[126.2071,34.9562],[126.1956,34.9644],[126.2117,34.9802],[126.2056,34.9843],[126.2159,34.985],[126.2146,34.9553],[126.2072,34.9564],[126.2101,34.9416],[126.2015,34.9367],[126.208,34.9279],[126.1992,34.9299],[126.1948,34.9211],[126.1919,34.93],[126.197,34.9274]]],[[[126.1441,34.9688],[126.1439,34.9564],[126.1237,34.9472],[126.1364,34.9664],[126.1347,34.9914],[126.1452,34.9886],[126.1329,35.0016],[126.106,34.9967],[126.0988,35.0048],[126.1131,35.0089],[126.1148,35.0179],[126.1236,35.0178],[126.1277,35.0266],[126.1655,35.0206],[126.1619,35.0104],[126.178,34.9965],[126.1799,34.9749],[126.1635,34.9629],[126.1669,34.9684],[126.1441,34.9688]]],[[[126.1803,35.052],[126.1858,35.0424],[126.2007,35.039],[126.1955,35.0102],[126.1902,35.0075],[126.1933,35.0172],[126.1826,35.0272],[126.1702,35.0245],[126.1671,35.0338],[126.1487,35.0335],[126.1345,35.042],[126.1366,35.0474],[126.1283,35.0483],[126.1375,35.0576],[126.1803,35.052]]],[[[126.2465,35.097],[126.2569,35.1016],[126.2594,35.0937],[126.2599,35.1044],[126.2433,35.1114],[126.2591,35.1429],[126.273,35.1501],[126.279,35.1357],[126.3074,35.1377],[126.3079,35.1275],[126.3206,35.1275],[126.3309,35.1415],[126.326,35.1496],[126.3458,35.1597],[126.3468,35.1387],[126.3296,35.1091],[126.3351,35.1026],[126.3312,35.0947],[126.3435,35.0917],[126.3531,35.0997],[126.3511,35.087],[126.3425,35.0864],[126.3446,35.0767],[126.3663,35.0784],[126.3651,35.065],[126.3701,35.0618],[126.3829,35.0776],[126.3807,35.082],[126.3916,35.0858],[126.3844,35.0667],[126.3907,35.0646],[126.3968,35.076],[126.4088,35.0625],[126.3985,35.0527],[126.4024,35.0502],[126.3947,35.0481],[126.3917,35.0455],[126.3905,35.0431],[126.3936,35.0415],[126.4009,35.0419],[126.4033,35.0271],[126.4275,35.0274],[126.4178,35.0386],[126.4198,35.0443],[126.4576,35.074],[126.4358,35.086],[126.4579,35.0901],[126.4635,35.1017],[126.4217,35.1071],[126.403,35.1368],[126.3965,35.1344],[126.3887,35.1418],[126.3833,35.1587],[126.375,35.1571],[126.3591,35.1689],[126.3543,35.1841],[126.3725,35.1901],[126.369,35.1981],[126.3768,35.2119],[126.3384,35.1909],[126.3423,35.214],[126.3355,35.2046],[126.3213,35.2039],[126.315,35.2076],[126.3183,35.2152],[126.3159,35.2175],[126.3143,35.21],[126.2996,35.2108],[126.299,35.2227],[126.2968,35.2231],[126.3081,35.2509],[126.3284,35.244],[126.3224,35.2631],[126.3472,35.2738],[126.3326,35.2681],[126.3249,35.2711],[126.3296,35.28],[126.3394,35.286],[126.3715,35.2843],[126.3659,35.2923],[126.3781,35.3059],[126.3785,35.3276],[126.3972,35.3692],[126.4035,35.369],[126.4044,35.3629],[126.4217,35.3654],[126.4287,35.3579],[126.4431,35.3574],[126.448,35.3486],[126.4442,35.3577],[126.4284,35.3595],[126.4073,35.382],[126.402,35.3961],[126.4111,35.4056],[126.4029,35.4046],[126.4069,35.4172],[126.4197,35.4259],[126.41,35.4327],[126.4194,35.4265],[126.476,35.4293],[126.4929,35.4092],[126.4906,35.3951],[126.4774,35.3862],[126.4974,35.3732],[126.4935,35.3504],[126.5128,35.362],[126.5205,35.3483],[126.5139,35.3275],[126.5206,35.3253],[126.5244,35.3139],[126.5323,35.3067],[126.5481,35.3135],[126.5683,35.3112],[126.5849,35.3008],[126.5894,35.3175],[126.5809,35.3173],[126.585,35.3302],[126.6042,35.3357],[126.6264,35.3214],[126.6448,35.3198],[126.6443,35.3272],[126.6531,35.328],[126.6664,35.3515],[126.6857,35.3442],[126.6918,35.3514],[126.6993,35.3501],[126.7046,35.3651],[126.7225,35.3669],[126.7322,35.3832],[126.7225,35.3999],[126.7542,35.4165],[126.7517,35.4359],[126.7377,35.4495],[126.7495,35.4513],[126.7649,35.4671],[126.814,35.4688],[126.8139,35.4842],[126.8279,35.4863],[126.8433,35.4783],[126.8395,35.4623],[126.8695,35.4616],[126.8968,35.448],[126.9051,35.4408],[126.8974,35.4347],[126.9043,35.4297],[126.9019,35.423],[126.9164,35.4156],[126.9174,35.4021],[126.9332,35.4061],[126.9306,35.3988],[126.9417,35.3943],[126.9761,35.4],[126.9714,35.4277],[126.9816,35.4266],[126.9853,35.4367],[126.9945,35.4398],[127.0,35.4629],[127.0143,35.4578],[127.0347,35.4666],[127.0374,35.4339],[127.0523,35.4265],[127.0469,35.4022],[127.027,35.3999],[127.0275,35.3947],[127.0391,35.3801],[127.0489,35.3774],[127.0576,35.3827],[127.0706,35.3652],[127.0652,35.3565],[127.0702,35.3396],[127.0523,35.3403],[127.0431,35.3219],[127.1052,35.2992],[127.1455,35.309],[127.1609,35.3277],[127.1862,35.3369],[127.1848,35.3261],[127.2036,35.3157],[127.2123,35.3168],[127.2221,35.3349],[127.2328,35.3334],[127.2572,35.3125],[127.2867,35.314],[127.3099,35.3045],[127.3543,35.3224],[127.3846,35.3025],[127.4309,35.3581],[127.4708,35.3653],[127.502,35.3584],[127.5423,35.3285],[127.5678,35.3185],[127.5957,35.2681],[127.6102,35.262],[127.6153,35.2504],[127.6128,35.2416],[127.6211,35.2246],[127.6181,35.1909],[127.6484,35.1604],[127.6593,35.159],[127.6887,35.1352],[127.6953,35.1054],[127.7161,35.0835],[127.7364,35.0736],[127.7433,35.061],[127.7653,35.0536],[127.7868,35.0109],[127.78,34.9892],[127.7527,34.962],[127.7677,34.9538],[127.7685,34.9338],[127.7448,34.9348],[127.7398,34.9489],[127.7536,34.9577],[127.7516,34.9619],[127.7311,34.9549],[127.7011,34.9319],[127.6959,34.919],[127.6816,34.9298],[127.6723,34.9315],[127.6646,34.9187],[127.6628,34.9124],[127.671,34.9031],[127.6393,34.8838],[127.6244,34.9022],[127.6564,34.9093],[127.6227,34.9053],[127.6174,34.916],[127.5991,34.9262],[127.5804,34.9221],[127.5786,34.9188],[127.5792,34.9165],[127.5799,34.9188],[127.5907,34.9187],[127.6135,34.8948],[127.6123,34.8931],[127.6115,34.8936],[127.607,34.8959],[127.6056,34.8966],[127.6023,34.8982],[127.6013,34.8986],[127.6003,34.8987],[127.6,34.8987],[127.6133,34.8921],[127.5896,34.8747],[127.6043,34.8543],[127.6096,34.8575],[127.6123,34.858],[127.6044,34.8536],[127.6077,34.8508],[127.6132,34.8544],[127.6231,34.8445],[127.6363,34.8465],[127.6356,34.8394],[127.6269,34.8406],[127.6268,34.8353],[127.6362,34.8281],[127.6616,34.8446],[127.6704,34.8371],[127.695,34.8647],[127.6986,34.8592],[127.7283,34.8618],[127.743,34.8508],[127.7398,34.8615],[127.7727,34.8616],[127.7749,34.8375],[127.7674,34.825],[127.7745,34.8209],[127.767,34.8183],[127.7688,34.8025],[127.7589,34.8005],[127.7569,34.7868],[127.7452,34.7775],[127.7575,34.7521],[127.7528,34.7538],[127.7484,34.748],[127.7569,34.743],[127.7536,34.7378],[127.733,34.739],[127.7317,34.7293],[127.6984,34.721],[127.696,34.7273],[127.6823,34.7324],[127.6736,34.7457],[127.6635,34.75],[127.6625,34.7568],[127.6401,34.7242],[127.6428,34.7062],[127.6263,34.712],[127.625,34.7184],[127.6219,34.7082],[127.6138,34.7069],[127.6279,34.6959],[127.6233,34.6872],[127.6395,34.6834],[127.6173,34.683],[127.6331,34.6701],[127.6299,34.6493],[127.6427,34.6505],[127.6335,34.6455],[127.6403,34.644],[127.6332,34.6362],[127.6462,34.6288],[127.6366,34.626],[127.634,34.6327],[127.6244,34.6302],[127.6152,34.6432],[127.5885,34.6519],[127.5747,34.648],[127.5798,34.631],[127.5647,34.6548],[127.5515,34.6629],[127.5636,34.6753],[127.5504,34.6821],[127.5585,34.6996],[127.5814,34.6937],[127.5722,34.7038],[127.5643,34.7014],[127.5632,34.7089],[127.5532,34.7008],[127.5569,34.7137],[127.5485,34.713],[127.564,34.724],[127.5613,34.7319],[127.5762,34.7315],[127.5842,34.7396],[127.5818,34.7452],[127.5941,34.7485],[127.5855,34.7509],[127.5902,34.7571],[127.5851,34.7674],[127.5723,34.7602],[127.5717,34.7745],[127.5601,34.7775],[127.5715,34.7827],[127.5585,34.7962],[127.5574,34.8067],[127.5233,34.8101],[127.526,34.8225],[127.5381,34.8317],[127.5428,34.8403],[127.5439,34.8455],[127.5341,34.841],[127.5259,34.8452],[127.5179,34.8787],[127.5128,34.8732],[127.4902,34.8744],[127.4944,34.8632],[127.486,34.8417],[127.467,34.8447],[127.4399,34.8365],[127.4392,34.8461],[127.424,34.832],[127.417,34.8327],[127.4153,34.8353],[127.4139,34.837],[127.412,34.8383],[127.4056,34.842],[127.418,34.829],[127.4008,34.8251],[127.3819,34.8366],[127.3535,34.8394],[127.383,34.8267],[127.3921,34.8146],[127.4262,34.8152],[127.3908,34.7913],[127.3934,34.7835],[127.3871,34.784],[127.3857,34.7746],[127.3932,34.7761],[127.4026,34.767],[127.3968,34.7568],[127.38,34.7509],[127.3729,34.7415],[127.3788,34.7272],[127.3932,34.7188],[127.3907,34.7111],[127.4073,34.7043],[127.4017,34.7032],[127.433,34.6797],[127.4282,34.674],[127.4396,34.6775],[127.4491,34.6716],[127.4453,34.662],[127.4569,34.6684],[127.4704,34.6648],[127.4742,34.6545],[127.4895,34.6493],[127.4903,34.6422],[127.4771,34.6487],[127.4734,34.641],[127.4637,34.6494],[127.4584,34.647],[127.4742,34.6352],[127.4964,34.6319],[127.4972,34.6151],[127.5084,34.5928],[127.4965,34.5899],[127.4875,34.5736],[127.4618,34.5807],[127.4579,34.5916],[127.4529,34.5877],[127.457,34.5843],[127.4451,34.577],[127.4333,34.5886],[127.4198,34.5827],[127.4111,34.5901],[127.3954,34.5868],[127.399,34.5759],[127.4087,34.5787],[127.3963,34.5596],[127.4228,34.5571],[127.4171,34.5535],[127.4197,34.5508],[127.4313,34.5559],[127.4265,34.5492],[127.4385,34.5487],[127.4268,34.5424],[127.4362,34.5374],[127.4284,34.537],[127.4234,34.5288],[127.4314,34.5201],[127.4223,34.5177],[127.4308,34.5136],[127.4135,34.5212],[127.4041,34.5155],[127.4046,34.5063],[127.389,34.5099],[127.3761,34.5037],[127.3913,34.4886],[127.3868,34.4835],[127.3782,34.4876],[127.3707,34.4802],[127.3587,34.492],[127.3486,34.4775],[127.3401,34.4884],[127.341,34.4806],[127.3251,34.4765],[127.3373,34.4676],[127.3325,34.4637],[127.3238,34.4703],[127.3175,34.4635],[127.339,34.4546],[127.3385,34.4459],[127.3278,34.4416],[127.3048,34.45],[127.3163,34.4538],[127.3102,34.4621],[127.3023,34.4576],[127.3009,34.4707],[127.2676,34.483],[127.2738,34.4924],[127.2826,34.491],[127.2786,34.4953],[127.2835,34.4974],[127.2553,34.5208],[127.2441,34.5215],[127.2441,34.5154],[127.2502,34.5153],[127.2428,34.515],[127.2324,34.5183],[127.2338,34.5246],[127.2209,34.5347],[127.2148,34.5251],[127.2089,34.5259],[127.2122,34.517],[127.1948,34.5324],[127.1784,34.5312],[127.1717,34.5194],[127.1668,34.5261],[127.1458,34.521],[127.1235,34.5281],[127.1219,34.5405],[127.1128,34.5475],[127.1141,34.5595],[127.136,34.5736],[127.1332,34.5783],[127.1444,34.5845],[127.149,34.6004],[127.1593,34.591],[127.1714,34.5944],[127.1677,34.6026],[127.1729,34.6271],[127.1961,34.6514],[127.2278,34.6547],[127.2326,34.6798],[127.2433,34.6832],[127.2368,34.6928],[127.2514,34.7117],[127.281,34.7183],[127.2795,34.6994],[127.2865,34.6965],[127.2776,34.6745],[127.2848,34.6667],[127.3147,34.6646],[127.3322,34.7063],[127.3446,34.71],[127.3427,34.7157],[127.3329,34.7148],[127.3269,34.7518],[127.3038,34.7497],[127.2927,34.7309],[127.2721,34.7417],[127.2643,34.7317],[127.2437,34.7594],[127.2299,34.7579],[127.209,34.7376],[127.2059,34.7187],[127.1846,34.6945],[127.1433,34.6932],[127.1353,34.7016],[127.1243,34.7014],[127.1068,34.6774],[127.0667,34.6632],[127.0631,34.6514],[127.0461,34.635],[127.0138,34.6249],[126.9673,34.6252],[126.957,34.6306],[126.9671,34.6229],[126.9941,34.6233],[126.9942,34.6146],[127.0091,34.6076],[126.9972,34.604],[126.9926,34.5828],[126.979,34.5741],[126.998,34.5658],[127.0033,34.57],[127.0068,34.5697],[127.0032,34.5549],[126.9981,34.5622],[126.9891,34.5617],[126.9893,34.5397],[126.9748,34.5102],[126.9681,34.5089],[126.9645,34.4979],[126.9697,34.4983],[126.9637,34.4965],[126.9773,34.4877],[126.9787,34.4713],[126.9677,34.4776],[126.9634,34.4681],[126.9561,34.4684],[126.9415,34.4824],[126.9377,34.4765],[126.947,34.4569],[126.9387,34.4472],[126.9255,34.4527],[126.8891,34.4565],[126.8708,34.4558],[126.8868,34.4335],[126.885,34.4221],[126.8748,34.4357],[126.8681,34.4388],[126.8652,34.4339],[126.8451,34.4517],[126.8294,34.4477],[126.8073,34.4544],[126.8081,34.4682],[126.7922,34.4675],[126.7917,34.4665],[126.7914,34.4636],[126.7908,34.4618],[126.7883,34.461],[126.7866,34.4757],[126.7975,34.4801],[126.792,34.5094],[126.7866,34.5127],[126.7969,34.5473],[126.7905,34.553],[126.7946,34.5676],[126.7861,34.5774],[126.7889,34.5863],[126.7778,34.5948],[126.7821,34.5978],[126.7789,34.6131],[126.7654,34.5631],[126.7641,34.5334],[126.7692,34.5266],[126.7584,34.5259],[126.7658,34.4992],[126.7594,34.4911],[126.7386,34.4863],[126.7545,34.472],[126.7479,34.4721],[126.7246,34.4433],[126.6989,34.4406],[126.6809,34.4266],[126.6734,34.4274],[126.6771,34.4163],[126.6644,34.427],[126.6571,34.4205],[126.6506,34.4233],[126.6439,34.412],[126.6477,34.4095],[126.6349,34.412],[126.6281,34.402],[126.6225,34.4064],[126.6161,34.402],[126.622,34.3928],[126.6112,34.3861],[126.6208,34.3785],[126.6203,34.3592],[126.602,34.3491],[126.6094,34.3428],[126.5999,34.3353],[126.6056,34.3151],[126.5589,34.3219],[126.5445,34.3031],[126.5312,34.3018],[126.5238,34.2923],[126.517,34.2964],[126.5197,34.3116],[126.5123,34.3191],[126.5269,34.3344],[126.5224,34.3415],[126.518,34.3388],[126.5158,34.3392],[126.5222,34.3416],[126.5199,34.3608],[126.5021,34.3647],[126.4986,34.357],[126.4907,34.3596],[126.4891,34.3566],[126.4815,34.354],[126.4787,34.3493],[126.4765,34.3482],[126.4752,34.3481],[126.4647,34.3621],[126.4762,34.3554],[126.4813,34.3586],[126.4761,34.3648],[126.487,34.3645],[126.4734,34.3783],[126.481,34.3827],[126.475,34.3817],[126.4714,34.3826],[126.4718,34.3847],[126.4974,34.3856],[126.4873,34.4085],[126.505,34.4053],[126.5168,34.4142],[126.5082,34.4267],[126.5138,34.4344],[126.507,34.4407],[126.4976,34.4317],[126.4844,34.4342],[126.4819,34.4257],[126.4562,34.4478],[126.4647,34.4541],[126.4688,34.4479],[126.4776,34.4501],[126.4678,34.4569],[126.472,34.4685],[126.4556,34.4772],[126.4663,34.4853],[126.4603,34.4902],[126.4646,34.4965],[126.4564,34.5016],[126.4712,34.5069],[126.4573,34.5233],[126.4421,34.5225],[126.4605,34.532],[126.4433,34.5393],[126.4344,34.5353],[126.4357,34.5498],[126.415,34.5582],[126.4177,34.5472],[126.4023,34.5467],[126.4031,34.539],[126.3865,34.5325],[126.3785,34.5391],[126.3893,34.5507],[126.3834,34.5618],[126.3627,34.5601],[126.3545,34.57],[126.3342,34.5733],[126.3136,34.5676],[126.3038,34.5774],[126.3127,34.5878],[126.2992,34.5902],[126.2953,34.6007],[126.2916,34.592],[126.2801,34.5954],[126.2879,34.6049],[126.2803,34.6116],[126.2634,34.6088],[126.259,34.6122],[126.2799,34.6119],[126.2806,34.6218],[126.2895,34.6207],[126.2942,34.6294],[126.29,34.6355],[126.2777,34.6304],[126.2606,34.6407],[126.2684,34.6477],[126.2553,34.6642],[126.2604,34.6726],[126.2551,34.6795],[126.2608,34.684],[126.259,34.7007],[126.262,34.7078],[126.2715,34.7032],[126.2745,34.7174],[126.2809,34.718],[126.2746,34.7273],[126.2858,34.7578],[126.2988,34.7621],[126.3107,34.7534],[126.3076,34.7478],[126.3175,34.7508],[126.3325,34.7404],[126.3305,34.7208],[126.3477,34.7105],[126.3471,34.6999],[126.3584,34.6935],[126.3689,34.6988],[126.3894,34.7304],[126.3606,34.742],[126.3693,34.7488],[126.3657,34.7512],[126.3804,34.7526],[126.3802,34.7579],[126.3718,34.754],[126.3803,34.7602],[126.3811,34.7686],[126.4498,34.7828],[126.441,34.7993],[126.3877,34.7809],[126.3917,34.7883],[126.382,34.7793],[126.3687,34.7809],[126.366,34.7894],[126.35,34.7964],[126.3653,34.804],[126.3597,34.8054],[126.3883,34.8368],[126.4124,34.8428],[126.395,34.8694],[126.4015,34.8804],[126.3867,34.8781],[126.3913,34.8998],[126.4006,34.9005],[126.405,34.9114],[126.3886,34.9282],[126.3985,34.9352],[126.3917,34.9357],[126.3878,34.947],[126.3935,34.9649],[126.3795,34.9712],[126.3805,34.9875],[126.3737,34.9989],[126.367,34.9932],[126.3701,34.9748],[126.3592,34.9685],[126.3732,34.9575],[126.3656,34.9435],[126.3734,34.9415],[126.3663,34.9326],[126.3675,34.92],[126.3297,34.9164],[126.3264,34.9306],[126.3068,34.9282],[126.3057,34.9342],[126.3209,34.9435],[126.2951,34.9656],[126.3048,34.9847],[126.3134,34.9884],[126.3273,34.9669],[126.3453,34.9733],[126.3583,34.9846],[126.3586,34.9929],[126.3407,34.9974],[126.3324,34.9934],[126.3902,35.0243],[126.3899,35.0341],[126.3808,35.0494],[126.3523,35.0391],[126.3494,35.0565],[126.3314,35.0618],[126.3402,35.0637],[126.3441,35.0721],[126.3336,35.0876],[126.3219,35.0893],[126.3113,35.0758],[126.3165,35.0705],[126.3005,35.062],[126.3144,35.0551],[126.3048,35.0455],[126.2959,35.0416],[126.302,35.0469],[126.2823,35.0621],[126.2772,35.0544],[126.2607,35.0534],[126.2745,35.0345],[126.2561,35.013],[126.2472,35.0136],[126.2427,35.0276],[126.2409,35.0194],[126.2294,35.0177],[126.2327,35.053],[126.2226,35.0579],[126.2091,35.0535],[126.1988,35.063],[126.1825,35.0578],[126.1682,35.0723],[126.1616,35.0667],[126.1654,35.0831],[126.157,35.0906],[126.1593,35.0988],[126.1904,35.1126],[126.2097,35.1029],[126.218,35.1065],[126.2465,35.097]],[[127.4038,34.8425],[127.3994,34.8436],[127.3972,34.8423],[127.3963,34.8418],[127.3945,34.8404],[127.4056,34.842],[127.4038,34.8425]],[[127.3788,34.8445],[127.3795,34.8439],[127.3808,34.8428],[127.3826,34.8417],[127.3827,34.8416],[127.3829,34.8416],[127.3831,34.8415],[127.3834,34.8415],[127.3872,34.8416],[127.3918,34.8398],[127.392,34.8398],[127.394,34.8402],[127.3945,34.8404],[127.3788,34.8445]],[[127.379,34.8524],[127.3783,34.8536],[127.3788,34.8445],[127.379,34.8524]],[[127.3766,34.8554],[127.3674,34.8624],[127.3783,34.8536],[127.3766,34.8554]],[[126.922,35.3803],[126.9243,35.3799],[126.9214,35.3809],[126.922,35.3803]],[[126.9214,35.382],[126.9213,35.3822],[126.9207,35.3829],[126.9206,35.383],[126.9149,35.3871],[126.9214,35.382]],[[126.9109,35.3816],[126.9097,35.3815],[126.9085,35.3808],[126.9029,35.3778],[126.9109,35.3816]],[[126.8976,35.3702],[126.896,35.3684],[126.8957,35.3678],[126.8954,35.3673],[126.903,35.3733],[126.8976,35.3702]],[[126.8885,35.3651],[126.8881,35.3651],[126.887,35.3651],[126.8864,35.3645],[126.8842,35.3621],[126.8949,35.3659],[126.8885,35.3651]],[[126.8751,35.3229],[126.8744,35.3231],[126.8713,35.323],[126.8628,35.3224],[126.8612,35.321],[126.8803,35.3214],[126.8878,35.326],[126.8751,35.3229]],[[126.8542,35.2945],[126.8564,35.2961],[126.8613,35.3012],[126.8542,35.2945]],[[126.835,35.2288],[126.8251,35.2318],[126.8239,35.2258],[126.8054,35.2183],[126.7553,35.2344],[126.7638,35.254],[126.7603,35.2587],[126.7372,35.2529],[126.7177,35.2124],[126.7026,35.2076],[126.6871,35.2152],[126.6771,35.191],[126.653,35.1925],[126.6721,35.1731],[126.6542,35.1646],[126.6535,35.1528],[126.645,35.1466],[126.6533,35.144],[126.6517,35.1205],[126.6691,35.1113],[126.6694,35.1046],[126.6849,35.112],[126.7284,35.1074],[126.7327,35.1129],[126.7619,35.091],[126.7713,35.0702],[126.7541,35.0669],[126.7558,35.0591],[126.7651,35.0644],[126.7744,35.0527],[126.7949,35.0611],[126.8049,35.0516],[126.8185,35.0527],[126.8223,35.0603],[126.8441,35.0654],[126.8556,35.0784],[126.892,35.078],[126.9186,35.0916],[126.9323,35.0744],[126.9519,35.0732],[126.9665,35.0894],[126.9877,35.094],[126.9892,35.1099],[127.0113,35.1256],[127.0077,35.1559],[127.0214,35.173],[127.0,35.1888],[126.9681,35.1811],[126.9586,35.1931],[126.9655,35.2034],[126.9503,35.2164],[126.9518,35.2246],[126.9326,35.2416],[126.9294,35.2524],[126.9055,35.2582],[126.8895,35.2467],[126.8796,35.2515],[126.835,35.2288]],[[126.8593,34.8666],[126.8587,34.8678],[126.8584,34.8683],[126.8579,34.8688],[126.8593,34.8666]],[[126.8587,34.8628],[126.8592,34.8651],[126.8593,34.8666],[126.8587,34.8628]],[[126.8566,34.8598],[126.8563,34.8551],[126.8568,34.8582],[126.8566,34.8598]],[[126.7996,34.8085],[126.7997,34.8071],[126.8,34.8063],[126.8008,34.8047],[126.801,34.8039],[126.801,34.8132],[126.7996,34.8085]],[[126.7936,34.7911],[126.7939,34.7907],[126.7943,34.7905],[126.7935,34.7914],[126.7936,34.7911]],[[126.7955,34.7867],[126.7954,34.7818],[126.7956,34.7836],[126.7955,34.7867]],[[126.7994,34.7773],[126.8003,34.7771],[126.8012,34.777],[126.8025,34.7772],[126.8035,34.7774],[126.8042,34.7777],[126.8047,34.7781],[126.8052,34.7785],[126.8056,34.7786],[126.8077,34.7787],[126.8085,34.7784],[126.8092,34.7782],[126.8097,34.7782],[126.8098,34.7782],[126.8102,34.7784],[126.8106,34.7786],[126.8114,34.7793],[126.8119,34.7801],[126.796,34.781],[126.7994,34.7773]],[[126.8171,34.7733],[126.8168,34.7765],[126.8119,34.7801],[126.8171,34.7733]],[[126.8189,34.7617],[126.8213,34.7545],[126.8235,34.7526],[126.8236,34.7512],[126.8238,34.749],[126.8239,34.7478],[126.8244,34.7464],[126.8249,34.7448],[126.8251,34.7443],[126.8254,34.7438],[126.8275,34.7428],[126.8289,34.7404],[126.8191,34.7629],[126.8189,34.7617]],[[126.8292,34.7394],[126.8312,34.7377],[126.8325,34.7373],[126.8335,34.7372],[126.8344,34.7368],[126.8353,34.7364],[126.8358,34.7359],[126.8361,34.7356],[126.8363,34.7355],[126.8402,34.7338],[126.8289,34.74],[126.8292,34.7394]],[[126.8418,34.7258],[126.8437,34.7251],[126.845,34.7252],[126.846,34.7253],[126.8495,34.7227],[126.8403,34.7298],[126.8418,34.7258]],[[126.8488,34.714],[126.8483,34.7154],[126.8479,34.7159],[126.8473,34.7168],[126.8488,34.714]],[[126.8543,34.7007],[126.8507,34.7052],[126.8489,34.7069],[126.8551,34.6949],[126.8543,34.7007]],[[126.8553,34.6863],[126.8561,34.686],[126.8568,34.6858],[126.855,34.6866],[126.8553,34.6863]],[[126.8679,34.6645],[126.8672,34.6703],[126.8633,34.6721],[126.8613,34.6748],[126.861,34.6757],[126.8607,34.6775],[126.8558,34.6787],[126.8679,34.6645]],[[126.8682,34.6571],[126.8687,34.657],[126.8695,34.6568],[126.8672,34.6576],[126.8682,34.6571]],[[126.8742,34.6299],[126.8747,34.6293],[126.8771,34.6272],[126.8786,34.6265],[126.8796,34.626],[126.87,34.6411],[126.8742,34.6299]],[[126.8535,34.6046],[126.8563,34.6017],[126.8537,34.6112],[126.8535,34.6046]],[[126.8615,34.5977],[126.8645,34.597],[126.8578,34.5988],[126.8615,34.5977]],[[126.8764,34.5524],[126.8764,34.5514],[126.8779,34.55],[126.8765,34.5596],[126.8764,34.5524]],[[126.8838,34.543],[126.8843,34.5436],[126.8858,34.5444],[126.8835,34.5478],[126.8838,34.543]],[[126.8761,34.5389],[126.8784,34.54],[126.8776,34.5398],[126.8761,34.5389]],[[126.8649,34.5293],[126.8725,34.5355],[126.8698,34.5347],[126.8649,34.5293]],[[126.8464,34.5014],[126.8487,34.4974],[126.8501,34.4956],[126.8459,34.5027],[126.8464,34.5014]],[[126.8499,34.4877],[126.8499,34.4874],[126.85,34.4871],[126.8504,34.4941],[126.8499,34.4877]],[[126.8517,34.4801],[126.8518,34.4837],[126.8501,34.4871],[126.8517,34.4801]],[[126.8525,34.4602],[126.8522,34.4648],[126.8523,34.466],[126.8482,34.4558],[126.8525,34.4602]],[[126.8453,34.4525],[126.8473,34.4553],[126.8471,34.4552],[126.8453,34.4525]],[[126.4782,34.739],[126.4644,34.737],[126.4568,34.7281],[126.4488,34.7439],[126.4396,34.7379],[126.4252,34.7441],[126.4194,34.7369],[126.4238,34.728],[126.4007,34.7316],[126.4036,34.7381],[126.3957,34.7403],[126.3883,34.7258],[126.4629,34.7095],[126.4782,34.739]],[[126.6692,34.7402],[126.6663,34.7396],[126.6672,34.7396],[126.6692,34.7402]],[[126.6519,35.1962],[126.6518,35.1965],[126.6517,35.1965],[126.6517,35.1945],[126.6519,35.1962]],[[126.3922,35.1797],[126.3718,35.1677],[126.371,35.1656],[126.3922,35.1797]],[[126.3966,35.1771],[126.4001,35.1764],[126.3961,35.1794],[126.3966,35.1771]],[[126.4085,35.1829],[126.4028,35.178],[126.4075,35.1814],[126.4085,35.1829]],[[126.4139,35.1867],[126.4136,35.1868],[126.4132,35.1869],[126.4147,35.1857],[126.4139,35.1867]],[[126.4325,35.1747],[126.4331,35.1748],[126.4241,35.1829],[126.4221,35.1845],[126.4202,35.1854],[126.4196,35.1856],[126.4325,35.1747]],[[126.4365,35.1735],[126.4369,35.1737],[126.4386,35.1751],[126.44,35.1771],[126.4353,35.1729],[126.4365,35.1735]],[[126.4426,35.1782],[126.4435,35.1783],[126.4437,35.1783],[126.4449,35.1787],[126.4449,35.1788],[126.4453,35.179],[126.4463,35.1797],[126.4478,35.181],[126.4479,35.1812],[126.44,35.1771],[126.4426,35.1782]],[[126.4643,35.1867],[126.4674,35.187],[126.4681,35.1871],[126.4593,35.1875],[126.4539,35.187],[126.4518,35.1868],[126.4502,35.1858],[126.4476,35.1831],[126.4643,35.1867]],[[126.4695,35.1878],[126.4698,35.188],[126.4703,35.1884],[126.4718,35.1898],[126.4733,35.1928],[126.4681,35.1871],[126.4695,35.1878]],[[126.478,35.1926],[126.4793,35.1919],[126.4816,35.1908],[126.4877,35.1919],[126.4772,35.1936],[126.478,35.1926]],[[126.4893,35.1892],[126.4932,35.1866],[126.4877,35.1919],[126.4893,35.1892]],[[126.5084,35.184],[126.5098,35.1844],[126.5127,35.1866],[126.4931,35.1857],[126.5084,35.184]],[[126.5177,35.186],[126.5171,35.1866],[126.5169,35.1867],[126.5168,35.1867],[126.5153,35.1873],[126.5144,35.1876],[126.5143,35.1876],[126.5136,35.1874],[126.5136,35.1873],[126.5177,35.186]],[[126.5192,35.1856],[126.5212,35.1854],[126.5183,35.1858],[126.5192,35.1856]],[[126.5287,35.1843],[126.5297,35.1829],[126.5285,35.1857],[126.5287,35.1843]],[[126.5355,35.183],[126.536,35.1833],[126.5331,35.1822],[126.5355,35.183]],[[126.5612,35.1883],[126.5649,35.1906],[126.565,35.1908],[126.5471,35.1866],[126.5612,35.1883]],[[126.5783,35.1965],[126.5784,35.1965],[126.5796,35.1961],[126.5805,35.1961],[126.5775,35.1975],[126.5733,35.1984],[126.5719,35.1986],[126.5678,35.1989],[126.5672,35.199],[126.5655,35.1987],[126.5642,35.1982],[126.5641,35.1982],[126.5634,35.1976],[126.5623,35.1968],[126.5783,35.1965]],[[126.5904,35.2223],[126.5907,35.2225],[126.5905,35.2225],[126.5904,35.2223]],[[126.5897,35.2286],[126.5896,35.2297],[126.5894,35.2293],[126.5897,35.2286]],[[126.5922,35.2322],[126.5906,35.2309],[126.5921,35.232],[126.5922,35.2322]],[[126.6078,35.2322],[126.6135,35.2286],[126.6087,35.2317],[126.6078,35.2322]],[[126.6189,35.2224],[126.6209,35.2211],[126.6144,35.2258],[126.6189,35.2224]],[[126.6264,35.2188],[126.6261,35.2192],[126.6256,35.2194],[126.6264,35.2188]],[[127.4091,35.1849],[127.4087,35.1837],[127.4089,35.184],[127.4091,35.1849]],[[127.4109,35.1498],[127.4115,35.1556],[127.4108,35.1541],[127.4109,35.1498]],[[127.4108,35.1483],[127.4107,35.1472],[127.4108,35.1475],[127.4108,35.1483]],[[127.4015,35.1359],[127.4018,35.1356],[127.4001,35.1387],[127.4015,35.1359]],[[127.3823,35.1151],[127.3824,35.1149],[127.3831,35.1143],[127.3821,35.1162],[127.3823,35.1151]],[[127.2596,35.0836],[127.2614,35.0892],[127.2603,35.0881],[127.2596,35.0836]],[[127.246,35.1049],[127.246,35.1054],[127.2454,35.11],[127.246,35.1049]],[[127.1922,35.1286],[127.1936,35.1305],[127.1922,35.1301],[127.1922,35.1286]],[[127.1897,35.1192],[127.1895,35.1201],[127.1887,35.1216],[127.1881,35.1227],[127.1897,35.1192]],[[127.1846,35.0926],[127.1859,35.0923],[127.1817,35.095],[127.1846,35.0926]],[[127.185,35.0744],[127.1852,35.0759],[127.1849,35.0887],[127.185,35.0744]],[[127.1924,35.064],[127.1848,35.0726],[127.1856,35.0692],[127.1924,35.064]],[[127.1843,35.0427],[127.1845,35.0425],[127.1848,35.0415],[127.1839,35.0487],[127.1843,35.0427]],[[127.1877,35.0124],[127.1875,35.013],[127.1871,35.0142],[127.1863,35.0157],[127.1877,35.0124]],[[127.1779,34.9947],[127.1758,34.9979],[127.1766,34.9964],[127.1779,34.9947]],[[127.1762,34.9866],[127.1768,34.9862],[127.1775,34.9858],[127.1792,34.9851],[127.1762,34.9866]],[[127.1798,34.9732],[127.1793,34.9741],[127.1776,34.9765],[127.1759,34.9779],[127.1755,34.9777],[127.1798,34.9732]],[[127.1838,34.9683],[127.1847,34.9681],[127.1849,34.968],[127.185,34.968],[127.1875,34.9679],[127.1877,34.9679],[127.1891,34.9679],[127.1892,34.9679],[127.1901,34.9685],[127.1905,34.9688],[127.1906,34.9691],[127.1834,34.9684],[127.1838,34.9683]],[[127.2025,34.9808],[127.2036,34.9775],[127.2037,34.9774],[127.2039,34.977],[127.2042,34.9763],[127.205,34.975],[127.2014,34.9846],[127.2025,34.9808]],[[127.2056,34.9744],[127.209,34.973],[127.205,34.975],[127.2056,34.9744]],[[127.2212,34.9554],[127.2187,34.9571],[127.2106,34.9582],[127.2212,34.9554]],[[127.2216,34.9533],[127.2227,34.9511],[127.2239,34.9493],[127.2212,34.9554],[127.2216,34.9533]],[[127.2238,34.9399],[127.2265,34.9379],[127.2274,34.9374],[127.229,34.9368],[127.2298,34.9365],[127.2312,34.9366],[127.2315,34.9366],[127.2238,34.9399]],[[127.2388,34.9232],[127.2404,34.9211],[127.2383,34.9241],[127.2366,34.9255],[127.2388,34.9232]],[[127.2322,34.9149],[127.2323,34.9157],[127.2322,34.9164],[127.232,34.9176],[127.2322,34.9149]],[[127.2267,34.8966],[127.2264,34.898],[127.2249,34.8993],[127.2267,34.8966]],[[127.2274,34.895],[127.2275,34.895],[127.2283,34.8951],[127.2294,34.8953],[127.23,34.8952],[127.2361,34.894],[127.2268,34.8964],[127.2274,34.895]],[[127.2374,34.893],[127.2374,34.8929],[127.2386,34.8908],[127.2388,34.8905],[127.241,34.8879],[127.2414,34.8875],[127.2428,34.8867],[127.245,34.8858],[127.2462,34.8855],[127.2469,34.8857],[127.2473,34.8861],[127.2477,34.8865],[127.2525,34.8841],[127.2361,34.894],[127.2374,34.893]],[[127.2583,34.8859],[127.2595,34.8884],[127.2525,34.8841],[127.2583,34.8859]],[[127.2637,34.8904],[127.2645,34.8895],[127.2649,34.8893],[127.2739,34.8901],[127.2626,34.8921],[127.2625,34.8921],[127.2622,34.8918],[127.2597,34.8893],[127.2637,34.8904]],[[127.2752,34.8904],[127.2758,34.8906],[127.2802,34.8931],[127.2807,34.8939],[127.2824,34.8968],[127.2829,34.8973],[127.2739,34.8901],[127.2752,34.8904]],[[127.2859,34.8978],[127.2919,34.9017],[127.2829,34.8973],[127.2859,34.8978]],[[127.2922,34.9015],[127.2965,34.901],[127.2996,34.9018],[127.3005,34.9016],[127.3014,34.901],[127.302,34.9006],[127.3025,34.9004],[127.3065,34.903],[127.2919,34.9017],[127.2922,34.9015]],[[127.3086,34.9005],[127.3165,34.8945],[127.3065,34.903],[127.3086,34.9005]],[[127.3251,34.8826],[127.328,34.8852],[127.3304,34.8875],[127.325,34.8826],[127.3251,34.8826]],[[127.337,34.8864],[127.3368,34.8875],[127.3357,34.8898],[127.337,34.8864]],[[127.339,34.8787],[127.3399,34.8777],[127.3359,34.8848],[127.339,34.8787]],[[127.3575,34.8643],[127.358,34.8643],[127.3542,34.8652],[127.3575,34.8643]],[[127.3597,34.8653],[127.3621,34.8673],[127.3583,34.8645],[127.3597,34.8653]],[[126.9089,34.858],[126.9071,34.8575],[126.9063,34.8571],[126.9089,34.858]],[[126.9227,34.839],[126.923,34.8392],[126.9232,34.8409],[126.9205,34.8372],[126.9227,34.839]],[[126.95,34.8286],[126.9486,34.833],[126.9475,34.8344],[126.95,34.8286]],[[127.0314,34.8238],[127.0294,34.8231],[127.0309,34.8234],[127.0314,34.8238]],[[127.0237,34.8221],[127.023,34.8223],[127.0227,34.8223],[127.0237,34.8221]],[[127.0229,34.7728],[127.0238,34.7731],[127.0241,34.7738],[127.0229,34.7728]],[[127.0216,34.7724],[127.0143,34.7716],[127.0198,34.7719],[127.0216,34.7724]],[[127.0093,34.7352],[127.0091,34.7351],[127.0087,34.7348],[127.0081,34.7344],[127.0076,34.734],[127.0074,34.7338],[127.0127,34.7344],[127.0093,34.7352]],[[126.995,34.7241],[126.9931,34.724],[126.9941,34.7239],[126.995,34.7241]],[[126.9837,34.7128],[126.9875,34.7166],[126.985,34.7145],[126.9837,34.7128]],[[126.975,34.7111],[126.9749,34.711],[126.9763,34.7104],[126.975,34.7111]],[[127.5946,34.8916],[127.5935,34.89],[127.5937,34.8901],[127.5946,34.8916]],[[127.5931,34.8897],[127.5933,34.8898],[127.5893,34.8884],[127.5931,34.8897]],[[127.5873,34.8865],[127.5866,34.8872],[127.5863,34.8875],[127.5705,34.8851],[127.5873,34.8865]],[[127.5608,34.888],[127.5591,34.8877],[127.5632,34.8876],[127.5608,34.888]],[[127.548,34.889],[127.5479,34.889],[127.5477,34.8888],[127.548,34.889]],[[127.5435,34.8858],[127.5469,34.8876],[127.5473,34.8883],[127.5435,34.8858]],[[127.6069,35.1418],[127.6068,35.1428],[127.6065,35.1433],[127.6049,35.1444],[127.6069,35.1418]]],[[[126.1901,35.132],[126.1818,35.1301],[126.1831,35.1425],[126.2011,35.1478],[126.2023,35.1395],[126.1901,35.132]]],[[[126.1542,35.2786],[126.1479,35.271],[126.1397,35.2728],[126.1428,35.2771],[126.131,35.2854],[126.1411,35.3001],[126.1524,35.2903],[126.1542,35.2786]]],[[[126.2785,34.5839],[126.2791,34.578],[126.3036,34.571],[126.3098,34.5628],[126.3009,34.5568],[126.3146,34.5436],[126.3253,34.5403],[126.3271,34.5471],[126.339,34.5516],[126.3369,34.5434],[126.3449,34.5424],[126.3538,34.5324],[126.3512,34.5276],[126.3774,34.5124],[126.3832,34.5037],[126.3731,34.4962],[126.385,34.4807],[126.3789,34.4783],[126.3758,34.4853],[126.3582,34.4809],[126.3606,34.473],[126.3722,34.4707],[126.3584,34.457],[126.3657,34.4433],[126.3422,34.4153],[126.3355,34.4145],[126.3376,34.4027],[126.329,34.3942],[126.3201,34.4051],[126.3277,34.4059],[126.3202,34.4245],[126.3111,34.4159],[126.3143,34.4001],[126.303,34.4143],[126.3064,34.402],[126.2926,34.4089],[126.2971,34.3975],[126.2895,34.394],[126.2969,34.3907],[126.3025,34.3954],[126.3044,34.3888],[126.2967,34.3846],[126.3103,34.3817],[126.3022,34.3701],[126.2919,34.3739],[126.2885,34.3642],[126.2796,34.372],[126.2842,34.3883],[126.2919,34.3913],[126.2766,34.3905],[126.2768,34.3961],[126.2655,34.3973],[126.2596,34.387],[126.2673,34.3779],[126.2461,34.3794],[126.2393,34.3705],[126.2302,34.3745],[126.2197,34.3671],[126.2022,34.3711],[126.1986,34.3677],[126.2091,34.368],[126.2142,34.3603],[126.1875,34.3566],[126.18,34.3489],[126.1813,34.3593],[126.1728,34.3527],[126.1564,34.3567],[126.1637,34.3641],[126.1611,34.3652],[126.1459,34.3657],[126.1418,34.3574],[126.13,34.3593],[126.143,34.3852],[126.1264,34.3785],[126.1145,34.3813],[126.0892,34.4185],[126.0976,34.4222],[126.0925,34.4262],[126.1005,34.4309],[126.0961,34.4357],[126.1177,34.4493],[126.1283,34.4434],[126.1166,34.4596],[126.1724,34.4847],[126.1739,34.4954],[126.1907,34.5143],[126.1945,34.5108],[126.1883,34.4962],[126.2049,34.4957],[126.2078,34.5016],[126.1983,34.51],[126.2233,34.5163],[126.2118,34.5269],[126.2249,34.5301],[126.2257,34.5413],[126.2359,34.5365],[126.2507,34.5611],[126.2446,34.5689],[126.2398,34.5649],[126.2447,34.5806],[126.2384,34.5839],[126.2498,34.5891],[126.2785,34.5839]]],[[[126.3728,34.7593],[126.3586,34.7522],[126.3604,34.7448],[126.3505,34.7506],[126.3522,34.7655],[126.3586,34.7658],[126.3527,34.7718],[126.3585,34.7713],[126.3553,34.7853],[126.3753,34.771],[126.3728,34.7593]]],[[[126.3224,34.7735],[126.3185,34.7591],[126.3049,34.768],[126.3085,34.7823],[126.3211,34.7883],[126.3286,34.7753],[126.3224,34.7735]]],[[[126.3322,34.7959],[126.314,34.7923],[126.316,34.8073],[126.3293,34.8153],[126.3322,34.7959]]],[[[126.2765,34.8557],[126.2628,34.8397],[126.2259,34.8496],[126.233,34.8647],[126.2598,34.8582],[126.2701,34.8729],[126.2794,34.8634],[126.2811,34.8871],[126.2926,34.8813],[126.3034,34.8871],[126.2951,34.9015],[126.2805,34.9098],[126.2967,34.922],[126.3054,34.9203],[126.3041,34.9139],[126.3131,34.9079],[126.3359,34.9092],[126.3505,34.8987],[126.3494,34.8872],[126.3452,34.8945],[126.337,34.8935],[126.3353,34.8868],[126.3264,34.8917],[126.3296,34.8794],[126.317,34.8829],[126.3132,34.8777],[126.3257,34.8728],[126.3145,34.8666],[126.3248,34.8613],[126.357,34.8637],[126.3688,34.8554],[126.3715,34.8432],[126.3653,34.8365],[126.3712,34.8387],[126.3731,34.833],[126.3657,34.8315],[126.3673,34.8241],[126.3547,34.8151],[126.3382,34.8163],[126.3268,34.8244],[126.3451,34.834],[126.3438,34.8421],[126.337,34.8394],[126.3291,34.8511],[126.3162,34.8463],[126.3125,34.8532],[126.2765,34.8557]]],[[[126.2552,34.9135],[126.2459,34.9171],[126.2344,34.9095],[126.2202,34.9183],[126.2275,34.9375],[126.2386,34.9328],[126.2489,34.9408],[126.2449,34.9354],[126.2499,34.9351],[126.2552,34.9135]]],[[[126.2949,34.9499],[126.2997,34.9388],[126.2957,34.9338],[126.2821,34.9349],[126.2872,34.9422],[126.2716,34.9569],[126.2629,34.952],[126.2584,34.9574],[126.2638,34.9687],[126.2826,34.9638],[126.2949,34.9499]]],[[[126.2705,34.9923],[126.2706,34.9761],[126.249,34.973],[126.2444,34.9758],[126.2529,34.9994],[126.2467,35.0064],[126.2623,35.0049],[126.2705,34.9923]]],[[[126.5552,34.1679],[126.5699,34.1698],[126.5727,34.1613],[126.5834,34.1699],[126.6099,34.1615],[126.6208,34.1646],[126.6207,34.1552],[126.6156,34.1485],[126.6032,34.1611],[126.6041,34.146],[126.5897,34.1623],[126.5877,34.1568],[126.579,34.1575],[126.5763,34.145],[126.5652,34.1437],[126.5638,34.1353],[126.5431,34.1256],[126.5119,34.1221],[126.5144,34.1288],[126.5046,34.1386],[126.5093,34.1445],[126.5037,34.1484],[126.5096,34.1516],[126.5051,34.1604],[126.5397,34.1821],[126.5552,34.1744],[126.5552,34.1679]]],[[[126.6847,34.1816],[126.656,34.1717],[126.6575,34.164],[126.6684,34.1617],[126.6701,34.1475],[126.6829,34.1486],[126.6803,34.1395],[126.6687,34.1432],[126.6724,34.131],[126.6599,34.111],[126.6501,34.115],[126.6498,34.1304],[126.6376,34.1225],[126.6278,34.1456],[126.6521,34.1701],[126.6354,34.1797],[126.6415,34.1842],[126.6333,34.1881],[126.6431,34.1866],[126.6499,34.1998],[126.6847,34.1816]]],[[[126.5102,34.1871],[126.5,34.187],[126.4915,34.1766],[126.4855,34.1793],[126.5055,34.2049],[126.5147,34.1999],[126.5102,34.1871]]],[[[126.7615,34.177],[126.7498,34.1871],[126.7549,34.208],[126.7636,34.2115],[126.7684,34.2061],[126.7615,34.177]]],[[[126.5738,34.2221],[126.5791,34.2283],[126.589,34.2227],[126.6066,34.2244],[126.6253,34.2032],[126.6108,34.1964],[126.6029,34.1998],[126.6164,34.1832],[126.6009,34.1819],[126.5983,34.1908],[126.5867,34.191],[126.5877,34.1727],[126.5613,34.1789],[126.5623,34.1892],[126.5485,34.1893],[126.5566,34.1949],[126.5586,34.2029],[126.5533,34.2061],[126.5649,34.2119],[126.5545,34.2119],[126.5566,34.2182],[126.5654,34.218],[126.5673,34.2235],[126.5613,34.2256],[126.5617,34.233],[126.5532,34.2335],[126.5679,34.2344],[126.5654,34.2298],[126.5738,34.2221]]],[[[126.6262,34.2383],[126.6131,34.2331],[126.5931,34.235],[126.6057,34.2496],[126.6073,34.2441],[126.6126,34.2507],[126.6262,34.2383]]],[[[126.8312,34.3249],[126.8161,34.3271],[126.7995,34.3241],[126.7927,34.3156],[126.7802,34.3281],[126.7517,34.3353],[126.7621,34.3384],[126.7781,34.3323],[126.787,34.3461],[126.8017,34.3336],[126.8157,34.3364],[126.8187,34.3476],[126.8348,34.3587],[126.848,34.3443],[126.8561,34.3513],[126.8588,34.3438],[126.866,34.3496],[126.8754,34.3476],[126.8807,34.3363],[126.8992,34.3422],[126.8949,34.3306],[126.8897,34.3345],[126.8806,34.3298],[126.8862,34.3226],[126.8812,34.3102],[126.8718,34.3096],[126.8748,34.3137],[126.8659,34.3223],[126.8619,34.3196],[126.8665,34.3138],[126.8421,34.2989],[126.839,34.3146],[126.8312,34.3249]]],[[[126.7292,34.38],[126.7357,34.3429],[126.7542,34.3158],[126.7685,34.3169],[126.7717,34.3112],[126.7616,34.3004],[126.7777,34.2876],[126.7482,34.2915],[126.7345,34.3047],[126.738,34.2866],[126.7173,34.2971],[126.6948,34.2925],[126.679,34.3042],[126.6827,34.3067],[126.6695,34.3232],[126.6532,34.3266],[126.6534,34.3313],[126.6456,34.3281],[126.6491,34.3339],[126.6414,34.3617],[126.6458,34.3673],[126.639,34.3821],[126.6486,34.3941],[126.6711,34.3963],[126.671,34.4013],[126.6973,34.3979],[126.7292,34.38]]],[[[126.845,34.4306],[126.8435,34.4206],[126.8241,34.4193],[126.8401,34.4106],[126.8502,34.4183],[126.8487,34.4065],[126.8573,34.4081],[126.8656,34.3898],[126.8471,34.3901],[126.8301,34.3781],[126.8234,34.387],[126.8189,34.3822],[126.7933,34.3823],[126.7804,34.369],[126.7763,34.3573],[126.7807,34.353],[126.7667,34.3583],[126.7794,34.382],[126.7498,34.3801],[126.7682,34.3989],[126.7639,34.4088],[126.7751,34.4228],[126.7887,34.4328],[126.8169,34.4337],[126.8345,34.4437],[126.8342,34.4315],[126.845,34.4306]]],[[[126.9371,33.9747],[126.9346,33.9686],[126.9141,33.97],[126.9101,33.9841],[126.9284,33.988],[126.9371,33.9747]]],[[[126.9104,34.2127],[126.9118,34.2063],[126.9036,34.202],[126.9117,34.1946],[126.9083,34.1833],[126.9285,34.1896],[126.9209,34.1855],[126.9248,34.1751],[126.9179,34.1583],[126.9087,34.1514],[126.8813,34.1497],[126.8707,34.1658],[126.8649,34.1659],[126.8565,34.1505],[126.8484,34.1628],[126.8595,34.1706],[126.8511,34.1688],[126.8471,34.1743],[126.8576,34.1777],[126.8529,34.1856],[126.8615,34.1945],[126.8573,34.1993],[126.8922,34.2166],[126.9104,34.2127]]],[[[127.2625,34.2269],[127.2497,34.2215],[127.2579,34.2193],[127.2586,34.212],[127.2409,34.2191],[127.2263,34.2133],[127.2338,34.2367],[127.2459,34.2397],[127.2429,34.2477],[127.2581,34.2507],[127.2625,34.2269]]],[[[127.0044,34.3372],[127.0162,34.3237],[126.9924,34.3118],[126.9925,34.3054],[126.978,34.3063],[126.9734,34.3009],[126.9663,34.3116],[126.9609,34.308],[126.9597,34.33],[126.9795,34.3407],[127.0044,34.3372]]],[[[127.0194,34.3533],[127.0128,34.3555],[127.0073,34.3493],[126.9863,34.3605],[127.0069,34.3569],[127.0077,34.3667],[127.0171,34.3687],[127.014,34.3773],[127.0287,34.3724],[127.0299,34.3808],[127.0452,34.3682],[127.0449,34.3511],[127.0761,34.3616],[127.101,34.338],[127.0938,34.3356],[127.0867,34.3432],[127.0675,34.3473],[127.062,34.3407],[127.0786,34.3374],[127.0771,34.3324],[127.0566,34.3303],[127.0559,34.3233],[127.0426,34.3167],[127.0421,34.3083],[127.0368,34.3254],[127.0508,34.3286],[127.0538,34.3363],[127.0419,34.3412],[127.0331,34.3317],[127.0288,34.3335],[127.0322,34.3406],[127.0194,34.3533]]],[[[127.0957,34.3856],[127.088,34.3818],[127.0911,34.3773],[127.0689,34.3712],[127.079,34.3823],[127.0726,34.3854],[127.0941,34.391],[127.0957,34.3856]]],[[[126.935,34.3837],[126.9477,34.3774],[126.9479,34.3678],[126.9288,34.3704],[126.9241,34.3605],[126.9081,34.3584],[126.9074,34.3535],[126.8637,34.3734],[126.872,34.3976],[126.8618,34.4067],[126.8666,34.4112],[126.8777,34.3994],[126.8822,34.407],[126.8939,34.3959],[126.896,34.4043],[126.9001,34.3979],[126.904,34.4024],[126.9082,34.4023],[126.912,34.3918],[126.9307,34.3906],[126.943,34.4028],[126.9434,34.4129],[126.9511,34.4038],[126.935,34.3837]]],[[[127.2469,34.4098],[127.2569,34.407],[127.2591,34.3955],[127.2684,34.3917],[127.2716,34.3807],[127.2477,34.3875],[127.2539,34.4029],[127.2358,34.4112],[127.2411,34.4168],[127.2502,34.4143],[127.2469,34.4098]]],[[[127.0518,34.4511],[127.0591,34.4532],[127.0548,34.4585],[127.0649,34.4514],[127.0747,34.4291],[127.0758,34.4235],[127.0661,34.4211],[127.0677,34.4183],[127.0704,34.4184],[127.0728,34.4174],[127.0728,34.4165],[127.0682,34.4116],[127.066,34.4157],[127.062,34.4017],[127.0614,34.4258],[127.0516,34.4298],[127.0525,34.4169],[127.0467,34.415],[127.037,34.424],[127.0342,34.4496],[127.0223,34.455],[127.0474,34.4586],[127.0518,34.4511]]],[[[127.235,34.4758],[127.2179,34.4372],[127.2085,34.4294],[127.1672,34.4352],[127.1576,34.4265],[127.1544,34.4312],[127.1443,34.4289],[127.1415,34.4205],[127.1156,34.4393],[127.1163,34.4477],[127.0993,34.4432],[127.1064,34.4548],[127.0929,34.4707],[127.1051,34.4699],[127.1169,34.4802],[127.1107,34.4853],[127.1211,34.4902],[127.1285,34.4781],[127.1365,34.4792],[127.1408,34.4727],[127.1888,34.4939],[127.1989,34.4879],[127.2212,34.4945],[127.235,34.4758]]],[[[127.1137,34.5021],[127.1095,34.5092],[127.0976,34.5098],[127.1104,34.5156],[127.1116,34.5219],[127.1223,34.5126],[127.1283,34.5239],[127.1361,34.5181],[127.1307,34.5062],[127.1137,34.5021]]],[[[127.1064,34.6048],[127.1106,34.5963],[127.0901,34.5974],[127.0892,34.6048],[127.0984,34.6113],[127.1064,34.6048]]],[[[127.2967,34.0323],[127.3077,34.0234],[127.3046,34.0191],[127.3245,34.0152],[127.3231,34.0059],[127.3171,34.0127],[127.2942,34.0147],[127.2888,34.0331],[127.281,34.0355],[127.2824,34.0509],[127.2752,34.0528],[127.2862,34.0587],[127.2948,34.0554],[127.2929,34.0634],[127.2992,34.057],[127.293,34.0507],[127.2967,34.0323]]],[[[127.3234,34.0572],[127.3336,34.0343],[127.3147,34.0403],[127.3095,34.0327],[127.3141,34.0447],[127.3033,34.0583],[127.3076,34.0624],[127.3234,34.0572]]],[[[127.3638,34.2936],[127.3712,34.2891],[127.3485,34.268],[127.3506,34.2943],[127.36,34.2862],[127.3638,34.2936]]],[[[127.4907,34.4653],[127.4837,34.4589],[127.4936,34.4587],[127.4982,34.4675],[127.5023,34.4619],[127.5045,34.473],[127.5206,34.4536],[127.5371,34.448],[127.5384,34.4312],[127.5301,34.4223],[127.5205,34.4267],[127.4872,34.4135],[127.493,34.4315],[127.4831,34.4375],[127.4753,34.4327],[127.4628,34.4436],[127.4824,34.4424],[127.4853,34.4477],[127.471,34.4528],[127.4497,34.449],[127.4584,34.4526],[127.4549,34.4758],[127.4907,34.4653]]],[[[127.4784,34.5355],[127.4586,34.5257],[127.4707,34.5233],[127.4753,34.514],[127.4671,34.5179],[127.4577,34.5138],[127.4845,34.5047],[127.4911,34.5082],[127.5064,34.492],[127.4931,34.4839],[127.4887,34.4899],[127.4844,34.484],[127.4696,34.4866],[127.4526,34.4786],[127.4409,34.4928],[127.4585,34.5024],[127.4517,34.5068],[127.4561,34.5109],[127.4339,34.52],[127.4535,34.544],[127.4709,34.5443],[127.4784,34.5355]]],[[[127.4701,34.795],[127.4646,34.7914],[127.4702,34.7868],[127.4597,34.7916],[127.461,34.7836],[127.4546,34.7903],[127.4529,34.7788],[127.4396,34.779],[127.4491,34.7878],[127.4488,34.7983],[127.46,34.7926],[127.4649,34.8041],[127.4701,34.795]]],[[[127.8045,34.4292],[127.809,34.425],[127.8053,34.4092],[127.7964,34.417],[127.7886,34.4127],[127.7887,34.4256],[127.8011,34.4313],[127.7851,34.4302],[127.7982,34.4441],[127.795,34.4573],[127.8051,34.4612],[127.8023,34.4509],[127.8145,34.4532],[127.8045,34.4292]]],[[[127.8129,34.4919],[127.8254,34.485],[127.8215,34.476],[127.8103,34.4753],[127.805,34.483],[127.804,34.4713],[127.7965,34.4731],[127.798,34.4912],[127.8038,34.4856],[127.8113,34.4977],[127.8238,34.4997],[127.826,34.4951],[127.8129,34.4919]]],[[[127.7822,34.512],[127.7669,34.5103],[127.7865,34.5078],[127.792,34.4966],[127.7986,34.4964],[127.7903,34.487],[127.7626,34.491],[127.7695,34.4925],[127.773,34.5001],[127.7673,34.4962],[127.7538,34.4993],[127.7541,34.5047],[127.7348,34.5031],[127.7407,34.5104],[127.7255,34.5159],[127.7318,34.5273],[127.7199,34.5231],[127.6963,34.5389],[127.7117,34.538],[127.7404,34.5531],[127.7578,34.5515],[127.7692,34.5302],[127.7822,34.512]]],[[[127.671,34.5722],[127.6842,34.5706],[127.691,34.5765],[127.705,34.5648],[127.6873,34.5608],[127.6878,34.5712],[127.68,34.569],[127.6742,34.5557],[127.6693,34.5609],[127.6587,34.5527],[127.6419,34.5698],[127.6382,34.5572],[127.6394,34.5751],[127.6574,34.5857],[127.671,34.5722]]],[[[127.7436,34.5795],[127.7329,34.5752],[127.712,34.5926],[127.7218,34.5889],[127.7322,34.5949],[127.7436,34.5795]]],[[[127.539,34.6095],[127.5254,34.6028],[127.5221,34.6152],[127.5407,34.6117],[127.5458,34.6184],[127.5641,34.6136],[127.5652,34.6038],[127.5514,34.602],[127.55,34.596],[127.5348,34.5977],[127.5407,34.6006],[127.539,34.6095]]],[[[127.6547,34.6083],[127.6422,34.6119],[127.6406,34.6057],[127.6248,34.6147],[127.6308,34.624],[127.6468,34.619],[127.6547,34.6083]]],[[[127.7759,34.7023],[127.7785,34.712],[127.7735,34.7042],[127.7714,34.7107],[127.7638,34.7095],[127.7705,34.7024],[127.7592,34.7039],[127.766,34.6943],[127.7792,34.697],[127.7823,34.6894],[127.7763,34.6814],[127.783,34.6716],[127.8007,34.6675],[127.7949,34.6606],[127.8065,34.6608],[127.7936,34.6437],[127.8001,34.6301],[127.7922,34.6302],[127.788,34.6071],[127.8079,34.5966],[127.8037,34.5878],[127.7897,34.5848],[127.7495,34.5928],[127.7377,34.6106],[127.7193,34.6138],[127.7117,34.6215],[127.7246,34.6376],[127.7119,34.6426],[127.745,34.6666],[127.763,34.6876],[127.7383,34.7329],[127.7812,34.7196],[127.791,34.7018],[127.7759,34.7023]]],[[[127.7438,34.8921],[127.7507,34.878],[127.7197,34.8679],[127.7013,34.8711],[127.6917,34.8828],[127.7104,34.8976],[127.7438,34.8921]]],[[[127.6729,34.9303],[127.6934,34.9168],[127.6732,34.9044],[127.6657,34.9101],[127.6729,34.9303]]],[[[127.7652,34.9317],[127.7845,34.9155],[127.7842,34.8865],[127.7627,34.8918],[127.762,34.902],[127.7422,34.9056],[127.7603,34.9027],[127.761,34.9085],[127.7371,34.9065],[127.7046,34.9133],[127.7039,34.9294],[127.7148,34.9326],[127.7306,34.9518],[127.7398,34.9458],[127.7371,34.9327],[127.7652,34.9317]],[[127.7814,34.9125],[127.7684,34.9146],[127.7672,34.8965],[127.7818,34.8965],[127.7814,34.9125]]]]}},{"type":"Feature","properties":{"code":"37","name":"경상북도","short":"경북","name_en":"Gyeongbuk","cx":128.64,"cy":36.358},"geometry":{"type":"MultiPolygon","coordinates":[[[[129.037,35.6325],[129.0209,35.6351],[128.9826,35.6087],[128.9609,35.6156],[128.9411,35.6351],[128.9151,35.6406],[128.8888,35.6289],[128.8815,35.6355],[128.8447,35.5896],[128.8336,35.5974],[128.8026,35.5891],[128.7855,35.5669],[128.7572,35.5677],[128.724,35.5816],[128.7033,35.578],[128.6892,35.5945],[128.6563,35.5979],[128.6365,35.5847],[128.6029,35.5801],[128.5734,35.5929],[128.569,35.6025],[128.5606,35.6034],[128.5587,35.6148],[128.5369,35.6238],[128.5374,35.6598],[128.5268,35.6735],[128.5347,35.6937],[128.5279,35.7127],[128.5648,35.7368],[128.5805,35.7387],[128.5896,35.7315],[128.6124,35.7385],[128.6099,35.7249],[128.6198,35.7029],[128.6435,35.707],[128.6635,35.7205],[128.6832,35.7215],[128.692,35.7333],[128.6955,35.7557],[128.6825,35.7901],[128.7175,35.8068],[128.7086,35.8266],[128.7251,35.8362],[128.7219,35.8569],[128.7386,35.8513],[128.7598,35.8661],[128.7598,35.9068],[128.7367,35.9296],[128.7441,35.944],[128.738,35.9559],[128.7462,35.9729],[128.731,35.9854],[128.7349,35.993],[128.7269,36.0032],[128.6956,36.0162],[128.6187,36.0064],[128.6029,35.9859],[128.5571,35.9722],[128.5533,35.9608],[128.5435,35.9748],[128.5288,35.9804],[128.5344,35.9353],[128.5295,35.9236],[128.5077,35.907],[128.5015,35.8868],[128.4906,35.8976],[128.4753,35.8945],[128.4684,35.8995],[128.4654,35.9086],[128.4728,35.9144],[128.4764,35.9344],[128.4542,35.9431],[128.4503,35.935],[128.4249,35.928],[128.4071,35.9007],[128.399,35.8999],[128.3835,35.8528],[128.45,35.8467],[128.4811,35.8301],[128.4831,35.8205],[128.4704,35.8059],[128.4208,35.8094],[128.3835,35.7601],[128.3912,35.7484],[128.4318,35.7256],[128.4321,35.7049],[128.4122,35.6958],[128.3589,35.7087],[128.3518,35.704],[128.3623,35.6756],[128.4,35.6456],[128.4013,35.6327],[128.3884,35.6179],[128.3646,35.6134],[128.3521,35.6446],[128.324,35.6466],[128.306,35.6555],[128.2795,35.6523],[128.2623,35.6427],[128.2422,35.6552],[128.236,35.6407],[128.2297,35.6395],[128.2012,35.6437],[128.1852,35.6577],[128.1615,35.6538],[128.1637,35.673],[128.1792,35.673],[128.1841,35.68],[128.2048,35.6839],[128.202,35.7192],[128.1893,35.7518],[128.165,35.7635],[128.159,35.7837],[128.1289,35.7894],[128.1219,35.8035],[128.1231,35.8224],[128.0698,35.8412],[128.0517,35.8299],[128.0298,35.8356],[128.0112,35.8291],[127.997,35.8371],[127.9817,35.8587],[127.974,35.8521],[127.9512,35.8616],[127.9422,35.8545],[127.9258,35.8556],[127.9331,35.864],[127.9202,35.8932],[127.8935,35.8868],[127.8848,35.8931],[127.8822,35.9032],[127.8882,35.9148],[127.8822,35.9289],[127.9061,35.9406],[127.9114,35.9492],[127.9023,35.9569],[127.8963,35.9777],[127.8896,35.9797],[127.8932,35.9868],[127.8756,35.9969],[127.8768,36.0227],[127.8848,36.0359],[127.9027,36.0391],[127.9167,36.0543],[127.9363,36.0511],[127.9609,36.0703],[127.9585,36.0901],[127.9687,36.1031],[127.9668,36.1181],[127.9878,36.1288],[127.9875,36.1474],[127.9972,36.1555],[127.9826,36.1706],[127.9841,36.1782],[127.9753,36.1877],[127.978,36.1981],[128.0097,36.2094],[128.024,36.2066],[128.0386,36.1942],[128.0581,36.2012],[128.0299,36.24],[128.0474,36.2566],[128.0262,36.2679],[128.0091,36.272],[127.9812,36.2636],[127.9706,36.2504],[127.9602,36.2524],[127.9309,36.278],[127.9081,36.2855],[127.9043,36.3015],[127.8826,36.2737],[127.8521,36.2739],[127.8415,36.31],[127.8526,36.3296],[127.8826,36.3459],[127.8913,36.3597],[127.8799,36.3715],[127.8842,36.38],[127.8757,36.3906],[127.8629,36.393],[127.8639,36.403],[127.873,36.4059],[127.8827,36.4222],[127.873,36.4243],[127.8721,36.4409],[127.882,36.4618],[127.8761,36.4884],[127.9063,36.5069],[127.9025,36.5281],[127.8761,36.537],[127.8703,36.5592],[127.8604,36.568],[127.8245,36.5709],[127.8049,36.5814],[127.7985,36.5864],[127.7985,36.6021],[127.821,36.6133],[127.8407,36.6083],[127.8583,36.6135],[127.8498,36.6196],[127.8468,36.634],[127.8613,36.6356],[127.8797,36.6568],[127.8897,36.6293],[127.9072,36.6258],[127.92,36.6011],[127.9252,36.6028],[127.9241,36.6155],[127.9324,36.6187],[127.9392,36.6471],[127.9296,36.6688],[127.9177,36.6679],[127.913,36.6777],[127.9004,36.6822],[127.8743,36.682],[127.8939,36.6944],[127.9289,36.6908],[127.9336,36.7065],[127.9495,36.7081],[127.9585,36.7368],[127.9868,36.7175],[128.0019,36.7173],[128.0148,36.7302],[128.049,36.708],[128.0704,36.7077],[128.068,36.7222],[128.0323,36.7476],[128.055,36.7927],[128.0596,36.8168],[128.0744,36.8128],[128.0901,36.7966],[128.1071,36.8073],[128.1099,36.8215],[128.1299,36.8251],[128.1336,36.8328],[128.1418,36.8333],[128.1531,36.8224],[128.2154,36.812],[128.2113,36.8469],[128.237,36.8453],[128.2347,36.8628],[128.2418,36.8723],[128.2825,36.856],[128.2866,36.845],[128.3165,36.8167],[128.3532,36.8124],[128.3641,36.8022],[128.3833,36.8138],[128.4211,36.8118],[128.449,36.8478],[128.448,36.8644],[128.424,36.8765],[128.4447,36.9137],[128.4417,36.9274],[128.4604,36.934],[128.4672,36.9515],[128.5067,36.9701],[128.5155,36.9868],[128.5547,36.9983],[128.5713,37.0159],[128.5679,37.0339],[128.5835,37.0437],[128.6068,37.0434],[128.6084,37.0528],[128.6329,37.0405],[128.6533,37.0655],[128.6891,37.0531],[128.7004,37.0408],[128.7346,37.0402],[128.7538,37.0278],[128.7625,37.0379],[128.7523,37.0559],[128.7566,37.0686],[128.7654,37.064],[128.7803,37.0923],[128.7994,37.0869],[128.8,37.079],[128.8079,37.076],[128.8294,37.0785],[128.8317,37.0674],[128.8469,37.0516],[128.8725,37.0439],[128.8785,37.0533],[128.8964,37.0445],[128.8981,37.0576],[128.9104,37.0661],[128.9233,37.0921],[128.9457,37.0938],[128.9593,37.0776],[128.9886,37.0844],[129.0367,37.0762],[129.0574,37.0651],[129.0674,37.0745],[129.0704,37.0882],[129.0963,37.1004],[129.1661,37.0692],[129.1854,37.0417],[129.2253,37.0446],[129.238,37.0387],[129.2254,37.0737],[129.249,37.0962],[129.266,37.1023],[129.2712,37.1164],[129.2946,37.1144],[129.3023,37.1275],[129.3395,37.1468],[129.366,37.1446],[129.3801,37.1193],[129.377,37.1041],[129.383,37.1027],[129.3862,37.0999],[129.3819,37.1024],[129.3796,37.0991],[129.4302,37.0583],[129.4151,37.0533],[129.4158,37.0355],[129.4094,37.0279],[129.4178,36.9993],[129.408,36.9797],[129.421,36.9408],[129.4155,36.9159],[129.4205,36.8976],[129.4153,36.8896],[129.4277,36.8509],[129.4571,36.8143],[129.4623,36.7886],[129.4782,36.7677],[129.468,36.7574],[129.477,36.7279],[129.4718,36.7209],[129.475,36.6979],[129.4691,36.695],[129.4654,36.6797],[129.4569,36.6728],[129.459,36.6818],[129.4378,36.6705],[129.4121,36.6224],[129.4163,36.6034],[129.4102,36.5959],[129.4122,36.586],[129.4403,36.5523],[129.4439,36.5125],[129.4533,36.5082],[129.4467,36.5043],[129.4445,36.489],[129.4329,36.4812],[129.436,36.4255],[129.388,36.3555],[129.3793,36.333],[129.3797,36.2942],[129.3746,36.2882],[129.3814,36.2748],[129.3729,36.2551],[129.3864,36.2399],[129.3809,36.2303],[129.3866,36.2175],[129.3726,36.207],[129.3727,36.1968],[129.3934,36.1814],[129.4,36.1645],[129.398,36.1346],[129.4258,36.1138],[129.4302,36.1122],[129.4312,36.1137],[129.4371,36.1136],[129.4399,36.1125],[129.4312,36.1124],[129.4397,36.1106],[129.4396,36.0973],[129.4307,36.1006],[129.4177,36.0856],[129.418,36.0737],[129.409,36.0728],[129.4016,36.0697],[129.396,36.0631],[129.3835,36.0633],[129.3781,36.0545],[129.3832,36.0479],[129.3762,36.0519],[129.3726,36.0499],[129.3858,36.0285],[129.4014,36.0387],[129.4119,36.0359],[129.4015,36.0391],[129.4315,36.0304],[129.4075,36.0293],[129.3956,36.0179],[129.407,36.0089],[129.4101,36.016],[129.4225,36.0135],[129.4239,36.0224],[129.4231,36.0112],[129.4141,36.0046],[129.4236,36.0101],[129.4177,36.0063],[129.4226,36.0004],[129.4515,35.9916],[129.4588,36.0034],[129.5032,36.0257],[129.5048,36.0371],[129.5253,36.058],[129.5335,36.0579],[129.5472,36.0849],[129.5556,36.0861],[129.5703,36.0779],[129.5686,36.0688],[129.5836,36.0463],[129.5772,36.0246],[129.5844,36.0165],[129.5666,35.9973],[129.5673,35.99],[129.5525,35.9873],[129.5585,35.9841],[129.5517,35.9788],[129.5544,35.9682],[129.5474,35.9643],[129.5464,35.9534],[129.531,35.9319],[129.5191,35.929],[129.5186,35.9201],[129.5341,35.9003],[129.5253,35.8959],[129.5293,35.8835],[129.5204,35.8818],[129.5188,35.8737],[129.5343,35.8684],[129.5197,35.8509],[129.5206,35.8377],[129.5101,35.826],[129.5121,35.8064],[129.5036,35.8074],[129.5001,35.7931],[129.4917,35.7881],[129.4966,35.7716],[129.4941,35.7527],[129.4838,35.7431],[129.4818,35.7071],[129.4789,35.7124],[129.4737,35.7063],[129.4716,35.6803],[129.4645,35.6766],[129.4652,35.6668],[129.454,35.6646],[129.4498,35.6511],[129.3999,35.6676],[129.3727,35.6692],[129.3641,35.6789],[129.3536,35.6794],[129.3341,35.6698],[129.3278,35.6588],[129.3045,35.6572],[129.2964,35.6435],[129.2555,35.6605],[129.2626,35.6911],[129.2569,35.7007],[129.234,35.7039],[129.2086,35.7212],[129.1981,35.7145],[129.1813,35.7238],[129.1765,35.7157],[129.1603,35.7148],[129.1461,35.7249],[129.1375,35.7207],[129.1368,35.7129],[129.0903,35.7027],[129.0772,35.6929],[129.0673,35.662],[129.0809,35.6433],[129.0461,35.6491],[129.037,35.6325]],[[128.0657,36.244],[128.0644,36.2451],[128.0584,36.245],[128.0657,36.244]],[[128.0701,36.2429],[128.0689,36.2429],[128.0764,36.2419],[128.0701,36.2429]],[[128.0794,36.2435],[128.0852,36.2476],[128.0798,36.2443],[128.0794,36.2435]],[[128.0906,36.2528],[128.0897,36.2524],[128.0885,36.2503],[128.0906,36.2528]],[[128.0967,36.2523],[128.0961,36.2522],[128.0934,36.2521],[128.098,36.2509],[128.0967,36.2523]],[[128.1385,36.2576],[128.1369,36.2569],[128.1369,36.2564],[128.1385,36.2576]],[[128.1895,36.2441],[128.1968,36.2447],[128.1923,36.2445],[128.1895,36.2441]],[[128.2261,36.2313],[128.226,36.2314],[128.2242,36.2303],[128.2261,36.2313]],[[128.2501,36.1997],[128.2473,36.199],[128.2428,36.1971],[128.2501,36.1997]],[[128.2529,36.1998],[128.256,36.2004],[128.2501,36.1997],[128.2529,36.1998]],[[128.264,36.1977],[128.2638,36.1977],[128.2624,36.1974],[128.264,36.1977]],[[128.293,36.1703],[128.2924,36.1709],[128.29,36.1703],[128.293,36.1703]],[[128.0746,35.8517],[128.0739,35.8509],[128.0743,35.8511],[128.0746,35.8517]],[[128.0631,35.9384],[128.0654,35.9372],[128.066,35.937],[128.059,35.9408],[128.058,35.9412],[128.0572,35.9415],[128.0631,35.9384]],[[128.0725,35.9304],[128.0733,35.9286],[128.074,35.9279],[128.0725,35.9304]],[[128.0752,35.9268],[128.0753,35.9268],[128.074,35.9279],[128.0752,35.9268]],[[128.0848,35.9209],[128.0869,35.921],[128.0874,35.9212],[128.0791,35.927],[128.0848,35.9209]],[[128.0981,35.9557],[128.0967,35.9549],[128.1026,35.9571],[128.0981,35.9557]],[[128.1208,35.9611],[128.1228,35.962],[128.1222,35.9618],[128.1208,35.9611]],[[128.1662,35.9879],[128.1656,35.9881],[128.166,35.9878],[128.1662,35.9879]],[[128.1711,36.0126],[128.169,36.0112],[128.1687,36.0108],[128.1711,36.0126]],[[128.168,36.0235],[128.168,36.023],[128.1681,36.0231],[128.168,36.0235]],[[128.1646,36.0322],[128.1654,36.0331],[128.1643,36.0325],[128.1646,36.0322]],[[128.1736,36.0328],[128.1755,36.0321],[128.175,36.0324],[128.1736,36.0328]],[[128.1853,36.0336],[128.183,36.0335],[128.1828,36.0332],[128.1853,36.0336]],[[128.1875,36.0316],[128.1885,36.0312],[128.1892,36.0312],[128.1923,36.0313],[128.1934,36.0315],[128.1875,36.0316]],[[128.1942,36.0436],[128.1948,36.0453],[128.1942,36.0448],[128.1942,36.0436]],[[128.1961,36.0461],[128.2013,36.0459],[128.1984,36.0464],[128.1961,36.0461]],[[128.226,36.0542],[128.2268,36.0541],[128.2238,36.0553],[128.226,36.0542]],[[128.234,36.052],[128.2335,36.0523],[128.2343,36.0514],[128.234,36.052]],[[128.2385,36.0497],[128.2378,36.0505],[128.2376,36.0505],[128.2385,36.0497]],[[128.2557,36.0518],[128.258,36.0503],[128.2566,36.0518],[128.2557,36.0518]],[[128.2612,36.0485],[128.2596,36.0491],[128.261,36.0485],[128.2612,36.0485]],[[128.2785,36.0471],[128.2769,36.0474],[128.2775,36.0472],[128.2785,36.0471]],[[128.2997,36.0588],[128.2999,36.0585],[128.2991,36.0602],[128.2997,36.0588]],[[128.2997,36.0611],[128.2992,36.0606],[128.2991,36.0604],[128.2997,36.0611]],[[128.2962,36.0677],[128.2951,36.0692],[128.2945,36.0698],[128.2962,36.0677]]],[[[130.9079,37.5273],[130.9176,37.5134],[130.9099,37.4954],[130.9131,37.4914],[130.9137,37.4967],[130.9136,37.4866],[130.9208,37.4863],[130.884,37.4705],[130.875,37.4536],[130.8122,37.4737],[130.8021,37.484],[130.8049,37.5039],[130.7929,37.5137],[130.7937,37.523],[130.8025,37.519],[130.8744,37.5429],[130.8919,37.5411],[130.903,37.549],[130.917,37.5416],[130.9079,37.5273]]]]}},{"type":"Feature","properties":{"code":"38","name":"경상남도","short":"경남","name_en":"Gyeongnam","cx":128.408,"cy":35.373},"geometry":{"type":"MultiPolygon","coordinates":[[[[127.9172,34.8355],[127.9406,34.8277],[127.9436,34.8101],[127.9536,34.805],[127.9657,34.8086],[127.9584,34.8136],[127.9783,34.8203],[127.9769,34.8256],[127.9897,34.8323],[128.0306,34.8343],[128.0414,34.8228],[128.0509,34.8261],[128.0666,34.8182],[128.0629,34.7998],[128.0552,34.8019],[128.0509,34.7963],[128.0598,34.7956],[128.0491,34.781],[128.0564,34.7457],[128.0417,34.7379],[128.0339,34.7238],[128.0602,34.7094],[128.0539,34.7119],[128.0427,34.7066],[128.0443,34.7023],[128.0298,34.7086],[128.0195,34.7024],[128.0261,34.7184],[128.015,34.7242],[128.0075,34.721],[128.0072,34.7111],[127.999,34.7171],[127.9925,34.7141],[127.9891,34.7204],[127.9836,34.7183],[127.9843,34.7092],[127.9571,34.7094],[127.9531,34.716],[127.959,34.7178],[127.9496,34.7263],[127.9545,34.7311],[127.9475,34.7308],[127.9441,34.7469],[127.9545,34.7727],[127.949,34.7776],[127.9034,34.765],[127.913,34.7403],[127.9061,34.7277],[127.8907,34.7217],[127.8574,34.7279],[127.8623,34.7332],[127.8521,34.7367],[127.8534,34.7476],[127.8377,34.7493],[127.8354,34.756],[127.842,34.7575],[127.8411,34.7673],[127.8578,34.7762],[127.849,34.7753],[127.8537,34.7824],[127.8445,34.7789],[127.8469,34.7846],[127.8364,34.7917],[127.833,34.811],[127.8132,34.8339],[127.8077,34.8533],[127.8178,34.8746],[127.8284,34.8758],[127.8256,34.8827],[127.8331,34.8928],[127.824,34.8942],[127.8311,34.8956],[127.8257,34.9026],[127.842,34.8981],[127.8417,34.9067],[127.8445,34.9016],[127.8621,34.9014],[127.8516,34.9159],[127.8593,34.922],[127.8542,34.9276],[127.8659,34.9313],[127.8707,34.942],[127.8943,34.947],[127.9087,34.9387],[127.9255,34.9407],[127.9208,34.9337],[127.9307,34.9246],[127.9237,34.9271],[127.9292,34.9153],[127.9218,34.9006],[127.9254,34.8916],[127.9013,34.884],[127.898,34.8726],[127.9038,34.8604],[127.9172,34.8355]]],[[[128.0101,34.8672],[128.0243,34.8658],[128.0218,34.8816],[128.0355,34.8975],[128.0387,34.892],[128.0412,34.8947],[128.0477,34.897],[128.0407,34.8888],[128.0476,34.8903],[128.0475,34.8822],[128.0585,34.8836],[128.0669,34.8743],[128.0647,34.8613],[128.0534,34.8526],[128.0626,34.8552],[128.0607,34.8448],[128.0764,34.8437],[128.0868,34.828],[128.0777,34.8282],[128.0723,34.8356],[128.065,34.8305],[128.0548,34.8386],[128.0459,34.8359],[128.0241,34.8473],[128.0241,34.8393],[128.0192,34.8433],[128.0173,34.8379],[128.0014,34.836],[127.9693,34.8434],[127.9617,34.8688],[127.9901,34.8942],[127.9961,34.91],[128.0309,34.9218],[128.0101,34.8672]]],[[[127.9659,34.9818],[127.9735,34.9805],[127.9804,34.9688],[127.9864,34.9667],[127.9873,34.9729],[127.9947,34.9687],[127.9823,34.9633],[127.9621,34.9716],[127.9657,34.9895],[127.9659,34.9818]]],[[[128.0056,35.0334],[128.0195,35.0407],[128.0099,35.0499],[128.0141,35.0396],[127.9871,35.0465],[127.9761,35.033],[127.9961,35.0377],[127.9943,35.032],[128.009,35.0221],[128.0079,35.0126],[128.0184,35.01],[128.0147,34.9917],[128.0075,34.9959],[128.008,34.9823],[128.0055,34.9882],[127.9999,34.9836],[127.9975,34.996],[127.9952,34.9845],[127.9893,34.9892],[127.9916,34.9812],[127.9827,34.9758],[127.9728,34.993],[127.9645,34.9949],[127.9567,34.9845],[127.9472,34.9836],[127.9527,34.9756],[127.9412,34.9791],[127.9316,34.9921],[127.9407,35.0042],[127.9227,35.0142],[127.9197,34.9935],[127.9145,34.9926],[127.9235,34.9892],[127.9171,34.9886],[127.9188,34.9814],[127.9076,34.983],[127.9119,34.9724],[127.9016,34.9721],[127.8974,34.9565],[127.8866,34.9516],[127.8848,34.9562],[127.8746,34.9477],[127.8478,34.9469],[127.8408,34.9629],[127.8399,34.9569],[127.8342,34.9586],[127.8378,34.9494],[127.8224,34.9557],[127.8291,34.948],[127.8154,34.9489],[127.8189,34.9422],[127.8029,34.9349],[127.8057,34.9244],[127.8056,34.9241],[127.8001,34.9231],[127.8055,34.9243],[127.8033,34.9322],[127.7953,34.9306],[127.7898,34.9427],[127.7815,34.9438],[127.7701,34.9671],[127.7594,34.9668],[127.78,34.9892],[127.7868,35.0109],[127.7681,35.0504],[127.7433,35.061],[127.7364,35.0736],[127.7161,35.0835],[127.6953,35.1054],[127.6887,35.1352],[127.6593,35.159],[127.6484,35.1604],[127.6226,35.1849],[127.6153,35.2504],[127.577,35.297],[127.5775,35.3089],[127.6048,35.3184],[127.6207,35.3326],[127.6233,35.3422],[127.6102,35.3659],[127.6257,35.3769],[127.6363,35.3992],[127.6605,35.4144],[127.6652,35.4356],[127.6741,35.4457],[127.6452,35.4491],[127.6367,35.4594],[127.6366,35.4782],[127.6531,35.4869],[127.6504,35.4979],[127.6257,35.5253],[127.6287,35.536],[127.6127,35.5356],[127.5849,35.5539],[127.5961,35.5737],[127.6112,35.5839],[127.6075,35.5949],[127.613,35.6082],[127.6353,35.6185],[127.6201,35.6461],[127.6405,35.6728],[127.6418,35.6929],[127.661,35.7099],[127.6635,35.764],[127.6695,35.7714],[127.6794,35.7685],[127.7003,35.7891],[127.7194,35.7973],[127.7445,35.8444],[127.7578,35.8368],[127.7688,35.8383],[127.8044,35.8587],[127.8139,35.8536],[127.8266,35.8683],[127.8418,35.8662],[127.8537,35.8813],[127.8507,35.8901],[127.8599,35.9066],[127.8851,35.9096],[127.8848,35.8931],[127.8935,35.8868],[127.9202,35.8932],[127.9331,35.864],[127.9258,35.8556],[127.9422,35.8545],[127.9512,35.8616],[127.974,35.8521],[127.9817,35.8587],[127.997,35.8371],[128.0112,35.8291],[128.0298,35.8356],[128.0517,35.8299],[128.0698,35.8412],[128.1231,35.8224],[128.1219,35.8035],[128.1289,35.7894],[128.159,35.7837],[128.165,35.7635],[128.1893,35.7518],[128.202,35.7192],[128.2048,35.6839],[128.1841,35.68],[128.1792,35.673],[128.1637,35.673],[128.1615,35.6538],[128.1852,35.6577],[128.2012,35.6437],[128.2297,35.6395],[128.2435,35.6555],[128.2623,35.6427],[128.2795,35.6523],[128.2963,35.6507],[128.2981,35.6562],[128.324,35.6466],[128.3492,35.6464],[128.3601,35.6331],[128.3646,35.6134],[128.3824,35.6065],[128.4229,35.6252],[128.4322,35.624],[128.4465,35.6384],[128.5057,35.6393],[128.5107,35.6457],[128.5076,35.6729],[128.53,35.683],[128.5268,35.6735],[128.5374,35.6598],[128.5366,35.6243],[128.5587,35.6148],[128.5606,35.6034],[128.569,35.6025],[128.5848,35.5865],[128.6058,35.5802],[128.6365,35.5847],[128.6563,35.5979],[128.6876,35.595],[128.7033,35.578],[128.7246,35.5815],[128.7581,35.5675],[128.7877,35.5675],[128.8017,35.5886],[128.8263,35.5968],[128.8447,35.5896],[128.8815,35.6355],[128.8888,35.6289],[128.9151,35.6406],[128.9411,35.6351],[128.9609,35.6156],[128.9826,35.6087],[129.0027,35.6203],[129.023,35.6134],[129.0189,35.5838],[128.9941,35.567],[128.9712,35.5603],[128.9809,35.5464],[128.9893,35.5516],[128.9983,35.5417],[128.9946,35.5281],[129.0076,35.5291],[129.013,35.5231],[129.0558,35.5323],[129.0526,35.5145],[129.1053,35.4965],[129.1083,35.4811],[129.1405,35.4476],[129.1676,35.4318],[129.197,35.4389],[129.2002,35.4241],[129.2189,35.4093],[129.1936,35.3821],[129.1988,35.3665],[129.1782,35.3518],[129.1182,35.369],[129.1346,35.3515],[129.1106,35.3067],[129.0884,35.3026],[129.0743,35.2908],[129.0584,35.2948],[129.0475,35.2742],[129.0135,35.2738],[128.9943,35.234],[128.9567,35.2253],[128.944,35.2283],[128.9201,35.2164],[128.9093,35.2229],[128.9084,35.2168],[128.879,35.21],[128.8704,35.2016],[128.8817,35.1822],[128.8811,35.1718],[128.8724,35.1723],[128.8814,35.1613],[128.8744,35.1586],[128.8763,35.1517],[128.8652,35.1582],[128.8721,35.1626],[128.8674,35.1677],[128.8275,35.1556],[128.7915,35.1575],[128.8154,35.1326],[128.8345,35.1288],[128.8432,35.1092],[128.8348,35.1018],[128.8235,35.1019],[128.8145,35.0908],[128.8233,35.0943],[128.8287,35.09],[128.8115,35.083],[128.8115,35.0776],[128.7847,35.0777],[128.7825,35.0853],[128.7899,35.094],[128.8026,35.0983],[128.7883,35.0984],[128.7895,35.1131],[128.7723,35.099],[128.763,35.1052],[128.7656,35.0976],[128.7842,35.0975],[128.7793,35.0821],[128.7731,35.083],[128.7729,35.0649],[128.7638,35.0598],[128.7636,35.0775],[128.751,35.0823],[128.7419,35.0779],[128.7462,35.0854],[128.7402,35.083],[128.7357,35.0888],[128.7437,35.0999],[128.7289,35.09],[128.7248,35.0971],[128.7142,35.0953],[128.7135,35.1068],[128.7031,35.1058],[128.6961,35.0972],[128.6885,35.1026],[128.6859,35.107],[128.7009,35.1166],[128.6934,35.133],[128.6963,35.1384],[128.6928,35.135],[128.6878,35.1415],[128.6909,35.1476],[128.6708,35.1425],[128.6778,35.1263],[128.6663,35.1185],[128.6589,35.1369],[128.6445,35.1356],[128.6421,35.1454],[128.6472,35.1505],[128.6262,35.1484],[128.6188,35.1359],[128.6287,35.1326],[128.6193,35.1331],[128.616,35.1398],[128.6071,35.1377],[128.615,35.1447],[128.6107,35.1623],[128.6049,35.1605],[128.5931,35.1735],[128.5893,35.1994],[128.6331,35.2192],[128.5865,35.2107],[128.5646,35.1845],[128.5704,35.175],[128.5798,35.1727],[128.5909,35.1579],[128.5844,35.1554],[128.5915,35.1518],[128.5854,35.1465],[128.5974,35.1423],[128.5872,35.1304],[128.579,35.1396],[128.5722,35.1326],[128.5824,35.1274],[128.6002,35.132],[128.5988,35.1243],[128.5859,35.1202],[128.5995,35.1192],[128.6025,35.1019],[128.628,35.0832],[128.6054,35.0806],[128.6027,35.0747],[128.6349,35.0688],[128.6016,35.0563],[128.5736,35.0538],[128.5969,35.0697],[128.587,35.0728],[128.5808,35.0646],[128.5799,35.0669],[128.5697,35.07],[128.5625,35.0673],[128.5661,35.0706],[128.5642,35.0824],[128.5832,35.0913],[128.5464,35.093],[128.548,35.1004],[128.5414,35.1015],[128.5488,35.1073],[128.5369,35.1078],[128.5377,35.1207],[128.5178,35.098],[128.4843,35.1085],[128.4855,35.1017],[128.4709,35.0982],[128.459,35.1062],[128.4514,35.1043],[128.4485,35.0961],[128.4793,35.0784],[128.4739,35.0756],[128.4683,35.0816],[128.4615,35.0717],[128.4394,35.0723],[128.4279,35.0551],[128.4154,35.0551],[128.4122,35.0619],[128.3831,35.0459],[128.3643,35.0469],[128.3822,35.0359],[128.3694,35.0314],[128.3751,35.024],[128.3665,35.0218],[128.3677,35.0168],[128.3889,35.017],[128.3891,35.0326],[128.3831,35.0342],[128.3836,35.0356],[128.4381,35.0457],[128.4506,35.0518],[128.4424,35.0603],[128.4452,35.067],[128.4527,35.0713],[128.4603,35.0632],[128.4689,35.0756],[128.482,35.0655],[128.4751,35.0549],[128.4821,35.0524],[128.4793,35.0469],[128.4591,35.0468],[128.4736,35.0346],[128.4765,35.0421],[128.486,35.0384],[128.4815,35.0283],[128.5004,35.0208],[128.4927,35.0056],[128.4833,35.0104],[128.4782,34.9928],[128.4641,34.9978],[128.4704,34.9902],[128.4666,34.988],[128.4073,34.9941],[128.4095,34.9835],[128.4343,34.9851],[128.4437,34.9777],[128.4438,34.9685],[128.4291,34.9569],[128.4302,34.9452],[128.4248,34.9403],[128.436,34.9314],[128.4285,34.9283],[128.4287,34.9141],[128.4177,34.9102],[128.4258,34.9038],[128.4184,34.8916],[128.4214,34.873],[128.4326,34.8773],[128.4321,34.8883],[128.4455,34.8885],[128.4389,34.893],[128.4514,34.9029],[128.4404,34.9133],[128.4526,34.9148],[128.4605,34.905],[128.4539,34.9007],[128.4755,34.8901],[128.4686,34.8875],[128.4663,34.8711],[128.4555,34.882],[128.4519,34.8738],[128.4565,34.8648],[128.4469,34.8656],[128.4523,34.8467],[128.4336,34.8447],[128.44,34.8404],[128.4352,34.8382],[128.4246,34.8445],[128.4252,34.8396],[128.3927,34.8295],[128.3932,34.8343],[128.3834,34.8356],[128.3879,34.8425],[128.3769,34.8402],[128.3696,34.85],[128.3885,34.8628],[128.4181,34.8594],[128.4194,34.8655],[128.3856,34.8682],[128.391,34.8736],[128.3812,34.8732],[128.3852,34.8817],[128.3763,34.8911],[128.3789,34.8833],[128.3689,34.8853],[128.3744,34.8695],[128.356,34.8711],[128.3574,34.8802],[128.3491,34.8875],[128.3483,34.8731],[128.3407,34.8823],[128.3283,34.8759],[128.3285,34.8863],[128.317,34.8798],[128.298,34.8998],[128.3086,34.9088],[128.3545,34.908],[128.3546,34.9194],[128.3461,34.9215],[128.3506,34.9236],[128.3355,34.9214],[128.3466,34.9328],[128.3443,34.9399],[128.3351,34.9364],[128.3417,34.9404],[128.3405,34.9484],[128.3326,34.9455],[128.3326,34.9568],[128.3223,34.9571],[128.3202,34.9629],[128.3158,34.9589],[128.3199,34.9445],[128.2993,34.9359],[128.3049,34.9194],[128.2983,34.9169],[128.3003,34.9127],[128.2893,34.9098],[128.2812,34.9161],[128.2828,34.9045],[128.2729,34.8997],[128.276,34.9099],[128.2659,34.9122],[128.2678,34.9184],[128.2576,34.93],[128.2613,34.9271],[128.2686,34.93],[128.2676,34.939],[128.2481,34.941],[128.2455,34.9356],[128.2465,34.9431],[128.2267,34.9409],[128.2229,34.9463],[128.2178,34.9389],[128.2107,34.942],[128.2091,34.9356],[128.2063,34.9405],[128.1969,34.937],[128.2039,34.9317],[128.1992,34.9327],[128.2036,34.9251],[128.1963,34.9117],[128.202,34.8939],[128.1875,34.8936],[128.1868,34.9059],[128.1838,34.8949],[128.1754,34.9061],[128.1765,34.8954],[128.1656,34.9027],[128.1671,34.8969],[128.1567,34.909],[128.1458,34.9051],[128.1486,34.8997],[128.141,34.9028],[128.1335,34.8882],[128.1208,34.9047],[128.1031,34.9002],[128.1111,34.9027],[128.1009,34.9144],[128.11,34.9166],[128.1035,34.9191],[128.1119,34.923],[128.1168,34.9207],[128.1216,34.9229],[128.1015,34.9252],[128.0981,34.9204],[128.0957,34.9264],[128.0887,34.9189],[128.0832,34.917],[128.088,34.9262],[128.0796,34.9285],[128.0742,34.9227],[128.0561,34.928],[128.0299,34.9571],[128.051,34.9704],[128.0387,34.9967],[128.0505,35.0161],[128.0431,35.0246],[128.0396,35.0155],[128.0354,35.0236],[128.0422,35.0313],[128.0395,35.0568],[128.0613,35.0791],[128.0346,35.0774],[128.0412,35.0725],[128.0325,35.0694],[128.0348,35.0627],[128.0258,35.0566],[128.0309,35.0496],[128.021,35.0304],[128.0056,35.0334]],[[128.3657,35.1801],[128.3651,35.1746],[128.3653,35.172],[128.3682,35.191],[128.3657,35.1801]],[[128.362,35.1662],[128.3613,35.1633],[128.3612,35.1622],[128.3613,35.1619],[128.3653,35.172],[128.362,35.1662]],[[128.3624,35.1601],[128.3621,35.1609],[128.3615,35.1616],[128.3624,35.1601]],[[128.3609,35.1504],[128.3604,35.1499],[128.3593,35.1487],[128.3592,35.1486],[128.3586,35.1472],[128.3585,35.1469],[128.3589,35.146],[128.3619,35.1509],[128.3609,35.1504]],[[128.3604,35.1405],[128.3597,35.1403],[128.3581,35.1396],[128.3568,35.1384],[128.3604,35.1405]],[[128.3553,35.1363],[128.3515,35.1332],[128.3481,35.1308],[128.3483,35.1272],[128.3553,35.1363]],[[128.3525,35.1202],[128.3531,35.1188],[128.3537,35.1184],[128.3516,35.1236],[128.3486,35.1267],[128.3525,35.1202]],[[128.3549,35.1096],[128.3575,35.1089],[128.3607,35.1099],[128.3629,35.1088],[128.3644,35.1089],[128.366,35.1089],[128.3719,35.1111],[128.3549,35.1096]],[[128.3902,35.0969],[128.3899,35.0987],[128.3797,35.1043],[128.3902,35.0969]],[[128.39,35.0941],[128.3905,35.0914],[128.3925,35.0878],[128.393,35.0872],[128.3996,35.0836],[128.3998,35.0836],[128.39,35.0941]],[[128.4183,35.0903],[128.417,35.0915],[128.4128,35.0924],[128.4111,35.0927],[128.4183,35.0903]],[[128.4189,35.0892],[128.4192,35.0889],[128.4183,35.0903],[128.4189,35.0892]],[[128.42,35.0881],[128.4206,35.088],[128.4193,35.0888],[128.42,35.0881]],[[128.4238,35.0881],[128.4282,35.0839],[128.4263,35.087],[128.4238,35.0881]],[[128.4253,35.0793],[128.4253,35.0761],[128.4267,35.0702],[128.4253,35.0793]],[[128.389,34.9599],[128.389,34.9593],[128.3895,34.9571],[128.3902,34.955],[128.389,34.9599]],[[128.4002,34.968],[128.4002,34.9666],[128.4006,34.9662],[128.4002,34.968]],[[128.4163,34.9677],[128.4167,34.9686],[128.416,34.9675],[128.4163,34.9677]],[[128.5583,35.2771],[128.557,35.2771],[128.5685,35.2739],[128.5583,35.2771]],[[128.5555,35.2765],[128.5518,35.2747],[128.5478,35.2727],[128.557,35.2771],[128.5555,35.2765]],[[128.5377,35.2718],[128.5373,35.2714],[128.5433,35.2711],[128.5377,35.2718]],[[128.5352,35.2668],[128.5354,35.268],[128.5355,35.269],[128.5333,35.2662],[128.5352,35.2668]],[[128.5245,35.2704],[128.5218,35.2701],[128.5252,35.2701],[128.5245,35.2704]],[[128.5172,35.2687],[128.5185,35.2689],[128.5198,35.2693],[128.5172,35.2687]],[[128.5166,35.2686],[128.5095,35.2687],[128.5156,35.2685],[128.5166,35.2686]],[[128.4945,35.2743],[128.4961,35.275],[128.4963,35.2753],[128.4945,35.2743]],[[128.491,35.2739],[128.4907,35.2736],[128.4907,35.2735],[128.4907,35.2732],[128.4902,35.2695],[128.491,35.2739]],[[128.4906,35.2688],[128.4908,35.2686],[128.4902,35.2695],[128.4906,35.2688]],[[128.4866,35.258],[128.4883,35.2599],[128.4884,35.2621],[128.4866,35.258]],[[128.4768,35.2495],[128.4761,35.2476],[128.4753,35.2453],[128.4748,35.2428],[128.4744,35.241],[128.4768,35.2495]],[[128.4793,35.2126],[128.4902,35.2032],[128.4742,35.2223],[128.4793,35.2126]],[[128.4458,35.1769],[128.4458,35.1788],[128.4454,35.1806],[128.4458,35.1769]],[[128.376,35.197],[128.3764,35.1958],[128.3759,35.1982],[128.376,35.197]],[[128.6112,35.2396],[128.6066,35.2425],[128.6104,35.2399],[128.6112,35.2396]],[[128.6191,35.2193],[128.6248,35.2195],[128.6193,35.2199],[128.6191,35.2193]],[[128.6191,35.1583],[128.6183,35.1571],[128.619,35.1558],[128.6191,35.1583]],[[128.7136,35.1655],[128.7163,35.1639],[128.7133,35.166],[128.7136,35.1655]],[[128.7403,35.1658],[128.74,35.1651],[128.7383,35.1573],[128.7403,35.1658]]],[[[128.2757,34.6392],[128.265,34.6344],[128.2748,34.6247],[128.2844,34.6385],[128.2992,34.639],[128.2864,34.6261],[128.2889,34.6208],[128.2757,34.6194],[128.2641,34.6277],[128.2391,34.611],[128.2309,34.6169],[128.2427,34.6197],[128.2351,34.6281],[128.2375,34.6349],[128.2279,34.6312],[128.2235,34.638],[128.2352,34.6406],[128.2277,34.6488],[128.2416,34.651],[128.2757,34.6392]]],[[[128.2016,34.7028],[128.2024,34.6913],[128.195,34.6858],[128.1964,34.6914],[128.183,34.6912],[128.1685,34.7014],[128.1756,34.7116],[128.2016,34.7028]]],[[[128.2661,34.815],[128.2548,34.8081],[128.2382,34.811],[128.2453,34.8013],[128.2421,34.7949],[128.2368,34.8013],[128.2238,34.8015],[128.2241,34.808],[128.2104,34.8076],[128.216,34.8134],[128.1994,34.8187],[128.2008,34.8252],[128.2137,34.8211],[128.2069,34.8272],[128.2178,34.839],[128.2364,34.8415],[128.2661,34.815]]],[[[128.2231,34.8524],[128.2325,34.8449],[128.2042,34.842],[128.1989,34.8319],[128.1865,34.826],[128.1794,34.83],[128.183,34.837],[128.1671,34.8438],[128.1709,34.8539],[128.1908,34.8592],[128.2231,34.8524]]],[[[128.3718,34.6396],[128.3787,34.645],[128.3807,34.6403],[128.3768,34.6348],[128.3431,34.6457],[128.352,34.6523],[128.3718,34.6396]]],[[[128.3561,34.8318],[128.3783,34.8295],[128.3853,34.8135],[128.384,34.8295],[128.3928,34.8232],[128.4213,34.8357],[128.4349,34.8253],[128.4407,34.8281],[128.4423,34.8036],[128.4359,34.8025],[128.4335,34.809],[128.4311,34.8023],[128.4401,34.7947],[128.4345,34.7894],[128.4196,34.7924],[128.4358,34.7806],[128.4244,34.7708],[128.4238,34.762],[128.3975,34.7654],[128.3973,34.7796],[128.3858,34.7799],[128.3913,34.7863],[128.3837,34.7969],[128.3751,34.7887],[128.3637,34.7965],[128.3723,34.803],[128.3783,34.7986],[128.3789,34.8154],[128.3573,34.8255],[128.3349,34.8181],[128.3297,34.8296],[128.3371,34.8274],[128.3334,34.8344],[128.3403,34.8282],[128.3381,34.8427],[128.3444,34.8314],[128.3484,34.8423],[128.3562,34.8398],[128.3561,34.8318]]],[[[128.4599,34.7178],[128.4556,34.7299],[128.4654,34.7354],[128.4717,34.7293],[128.4603,34.7171],[128.467,34.7069],[128.4565,34.7034],[128.4507,34.711],[128.4599,34.7178]]],[[[128.5141,34.7344],[128.5044,34.7322],[128.5016,34.7385],[128.4955,34.7317],[128.4658,34.7412],[128.4941,34.7503],[128.5141,34.7344]]],[[[128.5584,34.7599],[128.5537,34.7535],[128.5608,34.7507],[128.5249,34.7548],[128.5094,34.7649],[128.534,34.7645],[128.5299,34.7623],[128.5295,34.7596],[128.5298,34.758],[128.5584,34.7599]]],[[[128.4799,34.8082],[128.4875,34.8116],[128.4934,34.7824],[128.505,34.7844],[128.5103,34.7776],[128.5084,34.7667],[128.4912,34.7575],[128.4675,34.7609],[128.4727,34.776],[128.4595,34.7865],[128.4617,34.8049],[128.4682,34.801],[128.4663,34.7876],[128.4733,34.8033],[128.4846,34.7981],[128.4783,34.8061],[128.469,34.8049],[128.4656,34.813],[128.4845,34.8175],[128.4799,34.8082]]],[[[128.528,34.8027],[128.5265,34.8118],[128.5366,34.8239],[128.5466,34.8234],[128.5342,34.8029],[128.528,34.8027]]],[[[128.5213,34.9558],[128.5341,34.9415],[128.526,34.9399],[128.5305,34.9304],[128.5248,34.9279],[128.5125,34.9405],[128.5192,34.9519],[128.5121,34.9646],[128.5178,34.9756],[128.532,34.9728],[128.5363,34.9656],[128.5213,34.9558]]],[[[128.5681,35.054],[128.5553,35.054],[128.5421,35.069],[128.5609,35.0665],[128.5681,35.054]]],[[[128.6581,34.7742],[128.6454,34.7781],[128.6378,34.7639],[128.6525,34.7423],[128.6688,34.7455],[128.681,34.7401],[128.6761,34.729],[128.6716,34.7391],[128.6537,34.7399],[128.6514,34.7341],[128.6292,34.7313],[128.6274,34.737],[128.6201,34.7304],[128.6418,34.7149],[128.6382,34.7076],[128.6258,34.7137],[128.6103,34.7018],[128.5899,34.7086],[128.5768,34.7026],[128.579,34.715],[128.588,34.7172],[128.5847,34.7226],[128.6074,34.7318],[128.5757,34.7393],[128.5797,34.7622],[128.601,34.764],[128.5916,34.7707],[128.5978,34.777],[128.5753,34.7786],[128.5638,34.7662],[128.5554,34.7665],[128.5529,34.776],[128.5687,34.7865],[128.5565,34.7894],[128.543,34.7753],[128.5446,34.7848],[128.5387,34.7875],[128.5842,34.7978],[128.5846,34.8176],[128.5955,34.8277],[128.5786,34.8432],[128.5873,34.8408],[128.5888,34.847],[128.573,34.8543],[128.5625,34.8429],[128.5637,34.8329],[128.524,34.8325],[128.5277,34.8294],[128.5211,34.8268],[128.5283,34.8214],[128.5202,34.8232],[128.5237,34.8166],[128.5107,34.809],[128.5009,34.8239],[128.5048,34.8354],[128.4821,34.8402],[128.4726,34.8721],[128.4919,34.9006],[128.5023,34.9025],[128.4969,34.907],[128.5066,34.9053],[128.5001,34.911],[128.5158,34.9097],[128.5275,34.9236],[128.5689,34.8985],[128.5763,34.9015],[128.5722,34.9089],[128.5817,34.9129],[128.5816,34.9134],[128.5789,34.9132],[128.5778,34.9138],[128.577,34.9177],[128.5883,34.915],[128.591,34.9057],[128.5963,34.9064],[128.5953,34.9136],[128.5972,34.9026],[128.5994,34.9139],[128.6013,34.9031],[128.6075,34.9068],[128.6064,34.8975],[128.6106,34.9025],[128.618,34.8911],[128.6239,34.892],[128.6171,34.9137],[128.6082,34.9148],[128.6112,34.9233],[128.586,34.943],[128.588,34.9525],[128.5966,34.9508],[128.5981,34.9663],[128.6062,34.97],[128.6106,34.9657],[128.6051,34.9579],[128.6324,34.9612],[128.6325,34.9669],[128.6494,34.9573],[128.6503,34.9794],[128.6597,34.9814],[128.654,34.9888],[128.6672,34.9882],[128.6595,34.9977],[128.6714,34.9987],[128.6743,34.9884],[128.6815,34.9898],[128.6732,34.9992],[128.6818,35.0014],[128.6818,35.0071],[128.6674,35.0079],[128.676,35.0216],[128.6753,35.0318],[128.6847,35.034],[128.6787,35.0408],[128.6937,35.0305],[128.6989,35.0369],[128.7124,35.0315],[128.72,35.0192],[128.7179,35.0099],[128.7021,35.0062],[128.7066,34.9962],[128.6929,34.9957],[128.7009,34.9908],[128.6968,34.9729],[128.7165,34.9642],[128.715,34.9577],[128.7271,34.9461],[128.7262,34.9374],[128.7198,34.9415],[128.7149,34.9363],[128.7239,34.9151],[128.72,34.9095],[128.7104,34.9107],[128.7173,34.9006],[128.6967,34.8913],[128.6949,34.8788],[128.698,34.8837],[128.7015,34.8863],[128.6977,34.8749],[128.7076,34.8814],[128.7098,34.8688],[128.7258,34.8878],[128.7196,34.8946],[128.74,34.8849],[128.7525,34.8942],[128.7386,34.8784],[128.7438,34.8682],[128.7335,34.8621],[128.7237,34.8649],[128.7351,34.8433],[128.725,34.8415],[128.7176,34.8497],[128.7018,34.8392],[128.7099,34.8284],[128.7164,34.8357],[128.7206,34.8384],[128.7261,34.828],[128.7184,34.8242],[128.7218,34.8141],[128.7371,34.7987],[128.7399,34.7869],[128.7095,34.7951],[128.7153,34.8008],[128.7095,34.8124],[128.6955,34.8058],[128.6989,34.7978],[128.6905,34.797],[128.6922,34.8076],[128.673,34.8141],[128.6662,34.8106],[128.6661,34.8011],[128.6729,34.7851],[128.6581,34.7742]]],[[[128.6442,34.9788],[128.6286,34.9757],[128.6305,34.9806],[128.6217,34.9834],[128.6169,34.9745],[128.6089,34.9747],[128.6126,34.9856],[128.6265,34.9931],[128.6158,34.9952],[128.6174,34.9995],[128.6343,34.9987],[128.631,35.0086],[128.638,35.0153],[128.6434,35.0123],[128.6485,35.0224],[128.6524,35.0101],[128.6442,34.9788]]]]}},{"type":"Feature","properties":{"code":"39","name":"제주특별자치도","short":"제주","name_en":"Jeju","cx":126.409,"cy":33.38},"geometry":{"type":"MultiPolygon","coordinates":[[[[126.342,33.9465],[126.3243,33.9406],[126.329,33.9301],[126.3211,33.9302],[126.3122,33.9459],[126.3031,33.9501],[126.3425,33.9545],[126.342,33.9465]]],[[[126.9204,33.4694],[126.9248,33.472],[126.9237,33.4555],[126.936,33.4784],[126.9365,33.4642],[126.9462,33.4562],[126.9316,33.4599],[126.9218,33.4435],[126.9365,33.4292],[126.9294,33.4226],[126.9231,33.4264],[126.9239,33.4343],[126.9161,33.4339],[126.918,33.4273],[126.9027,33.4019],[126.9065,33.3915],[126.8835,33.3835],[126.8713,33.3722],[126.8684,33.354],[126.8566,33.3381],[126.844,33.3328],[126.8484,33.3196],[126.8358,33.3089],[126.8078,33.3018],[126.7778,33.3068],[126.7428,33.2777],[126.7333,33.2816],[126.6776,33.267],[126.6582,33.2739],[126.6607,33.2689],[126.6422,33.2659],[126.6402,33.257],[126.5999,33.2345],[126.5778,33.2448],[126.5688,33.243],[126.5712,33.2359],[126.5675,33.2327],[126.561,33.243],[126.5642,33.2347],[126.5508,33.2413],[126.5209,33.2409],[126.5105,33.2304],[126.4913,33.2325],[126.4728,33.223],[126.4571,33.2412],[126.4293,33.2352],[126.4086,33.2446],[126.3667,33.2289],[126.3618,33.2371],[126.3278,33.2318],[126.3354,33.2348],[126.3277,33.2408],[126.2979,33.2227],[126.2903,33.2054],[126.2946,33.1968],[126.2849,33.2005],[126.2709,33.1941],[126.261,33.1998],[126.2632,33.2094],[126.2565,33.2074],[126.2336,33.2349],[126.1823,33.2597],[126.1609,33.2908],[126.1674,33.2989],[126.1615,33.3341],[126.1668,33.343],[126.1798,33.3463],[126.1829,33.3585],[126.205,33.3684],[126.2232,33.39],[126.2347,33.3895],[126.2586,33.4092],[126.2552,33.4094],[126.2529,33.4157],[126.2623,33.4163],[126.2619,33.4218],[126.2578,33.4172],[126.2523,33.4169],[126.2642,33.4237],[126.2632,33.4369],[126.2731,33.4351],[126.2789,33.4423],[126.2996,33.4472],[126.3127,33.4697],[126.3381,33.467],[126.3857,33.4893],[126.4006,33.4834],[126.427,33.4959],[126.4516,33.4973],[126.4536,33.5044],[126.4834,33.5111],[126.4942,33.5209],[126.5319,33.5174],[126.5428,33.5229],[126.5417,33.5296],[126.5534,33.5242],[126.55,33.5206],[126.5618,33.5275],[126.585,33.5254],[126.5975,33.5377],[126.6345,33.536],[126.6447,33.5556],[126.6481,33.549],[126.6529,33.5528],[126.6671,33.5428],[126.6779,33.5525],[126.6893,33.5484],[126.7299,33.5607],[126.7381,33.5548],[126.7455,33.5557],[126.7403,33.5598],[126.7572,33.557],[126.7621,33.5655],[126.7747,33.5611],[126.7791,33.5661],[126.7981,33.5553],[126.8276,33.5594],[126.8287,33.5431],[126.8587,33.5255],[126.8813,33.5298],[126.9059,33.5207],[126.8988,33.5121],[126.9128,33.5071],[126.9106,33.4891],[126.9019,33.4825],[126.8982,33.483],[126.9204,33.4694]],[[126.894,33.4819],[126.893,33.4817],[126.8897,33.4806],[126.8888,33.4802],[126.8972,33.4821],[126.894,33.4819]],[[126.2151,33.2902],[126.2221,33.2871],[126.223,33.2869],[126.2151,33.2902]],[[126.32,33.3268],[126.3195,33.3271],[126.3205,33.3261],[126.32,33.3268]],[[126.332,33.3351],[126.3328,33.3357],[126.3359,33.3387],[126.332,33.3351]],[[126.3402,33.3436],[126.3399,33.3435],[126.3435,33.3431],[126.3402,33.3436]],[[126.3916,33.3436],[126.3888,33.3449],[126.3861,33.345],[126.3916,33.3436]],[[126.385,33.3457],[126.3822,33.3463],[126.3813,33.3465],[126.3809,33.3465],[126.3861,33.345],[126.385,33.3457]],[[126.4029,33.3436],[126.4031,33.3434],[126.4039,33.343],[126.4091,33.3421],[126.4102,33.3421],[126.4176,33.3427],[126.4235,33.3418],[126.4326,33.3411],[126.4007,33.3447],[126.3965,33.3447],[126.3942,33.344],[126.4029,33.3436]],[[126.4364,33.3466],[126.4371,33.3473],[126.4372,33.3476],[126.4376,33.3487],[126.4364,33.3466]],[[126.4481,33.3593],[126.4456,33.3589],[126.4393,33.3567],[126.4385,33.3563],[126.4383,33.3561],[126.4377,33.3555],[126.4372,33.3551],[126.437,33.3548],[126.4481,33.3593]],[[126.4507,33.359],[126.4514,33.3588],[126.4525,33.3586],[126.4567,33.3585],[126.4602,33.3587],[126.4481,33.3593],[126.4507,33.359]],[[126.4741,33.357],[126.4767,33.3574],[126.4833,33.3596],[126.4657,33.36],[126.4741,33.357]],[[126.4874,33.3551],[126.4888,33.355],[126.4833,33.3596],[126.4874,33.3551]],[[126.4904,33.355],[126.4991,33.3598],[126.4888,33.355],[126.4904,33.355]],[[126.5094,33.3594],[126.5066,33.358],[126.5077,33.3581],[126.5094,33.3594]],[[126.5197,33.3607],[126.5239,33.3618],[126.5269,33.363],[126.5111,33.361],[126.5105,33.3605],[126.51,33.36],[126.5094,33.3594],[126.5197,33.3607]],[[126.5347,33.3632],[126.5361,33.364],[126.5407,33.3672],[126.5295,33.3617],[126.5347,33.3632]],[[126.5425,33.3675],[126.5439,33.3681],[126.5537,33.3737],[126.5407,33.3672],[126.5425,33.3675]],[[126.5558,33.3724],[126.5561,33.3723],[126.5574,33.372],[126.5579,33.3721],[126.5591,33.3728],[126.5537,33.3737],[126.5558,33.3724]],[[126.5692,33.3716],[126.5723,33.3718],[126.5748,33.372],[126.5597,33.3732],[126.5692,33.3716]],[[126.5893,33.3743],[126.5821,33.3738],[126.5748,33.372],[126.5893,33.3743]],[[126.6069,33.3822],[126.5985,33.3785],[126.5977,33.3781],[126.5964,33.3771],[126.6069,33.3822]],[[126.613,33.3829],[126.6141,33.3829],[126.6168,33.3831],[126.6176,33.3832],[126.612,33.3829],[126.613,33.3829]],[[126.6187,33.3837],[126.6193,33.3842],[126.6176,33.3832],[126.6187,33.3837]],[[126.6231,33.3843],[126.6249,33.385],[126.6212,33.3852],[126.6231,33.3843]],[[126.6336,33.3939],[126.6308,33.3931],[126.6291,33.3923],[126.6279,33.3915],[126.6263,33.3902],[126.6253,33.3883],[126.6252,33.3876],[126.6336,33.3939]],[[126.6338,33.3933],[126.6344,33.3929],[126.6356,33.3926],[126.6487,33.394],[126.6524,33.3946],[126.6527,33.3947],[126.6531,33.3949],[126.6534,33.3951],[126.6336,33.3939],[126.6338,33.3933]],[[126.656,33.3995],[126.6574,33.3997],[126.659,33.4005],[126.6605,33.402],[126.655,33.3994],[126.6546,33.399],[126.6535,33.3966],[126.6535,33.3962],[126.656,33.3995]],[[126.6679,33.4004],[126.6683,33.4002],[126.6691,33.4003],[126.6643,33.4022],[126.6679,33.4004]],[[126.7024,33.4202],[126.7014,33.4199],[126.6877,33.4133],[126.6776,33.4058],[126.7024,33.4202]],[[126.7173,33.4219],[126.7091,33.4219],[126.7047,33.4208],[126.7024,33.4202],[126.7173,33.4219]],[[126.7258,33.4243],[126.729,33.4255],[126.7316,33.4266],[126.7173,33.4219],[126.7258,33.4243]],[[126.7365,33.4224],[126.7387,33.4211],[126.7401,33.4206],[126.7414,33.4203],[126.7492,33.4196],[126.752,33.4198],[126.756,33.4202],[126.7318,33.4267],[126.7365,33.4224]],[[126.7581,33.4207],[126.7608,33.4213],[126.7613,33.4215],[126.7622,33.4219],[126.7667,33.4243],[126.7683,33.4252],[126.7688,33.4255],[126.7698,33.4261],[126.77,33.4263],[126.7704,33.4265],[126.7741,33.4294],[126.756,33.4202],[126.7581,33.4207]],[[126.7835,33.4349],[126.778,33.4331],[126.7759,33.4309],[126.7835,33.4349]],[[126.7941,33.4412],[126.7929,33.4414],[126.7915,33.4414],[126.7906,33.4414],[126.7886,33.4414],[126.7878,33.4409],[126.787,33.4395],[126.7868,33.4391],[126.7941,33.4412]],[[126.7964,33.4403],[126.7967,33.4402],[126.7957,33.4407],[126.7964,33.4403]],[[126.8003,33.4399],[126.8017,33.4406],[126.7993,33.4396],[126.8003,33.4399]],[[126.8105,33.4448],[126.8147,33.4459],[126.8173,33.4467],[126.8069,33.4443],[126.8059,33.444],[126.8046,33.4435],[126.8105,33.4448]],[[126.8262,33.4532],[126.8295,33.4536],[126.8463,33.462],[126.8255,33.4532],[126.8262,33.4532]],[[126.8542,33.4631],[126.8547,33.4633],[126.8519,33.4625],[126.8542,33.4631]],[[126.8636,33.4684],[126.8676,33.47],[126.8711,33.4724],[126.8726,33.475],[126.859,33.4675],[126.8636,33.4684]]],[[[126.9588,33.5128],[126.9678,33.5163],[126.9727,33.5146],[126.9651,33.5131],[126.9713,33.4986],[126.9671,33.4907],[126.9433,33.4948],[126.9409,33.5066],[126.9509,33.5177],[126.9481,33.5231],[126.9545,33.5259],[126.9622,33.5184],[126.9588,33.5128]]]]}}]}